"fuel","context","density","LHV","EFLHVNRGCO2","EFLHVNRGCH4","EFLHVNRGN2O","HHVConversion","units","source"
"Waste oils","Forestry","-1.0","40.200",73300.00,300.00,4.00,"1.05",,"GHGP http://www.ghgprotocol.org/calculation-tools/all-tools"
"Patent fuel","Construction","-1.0","20.700",97500.00,10.00,1.50,"1.05",,"GHGP http://www.ghgprotocol.org/calculation-tools/all-tools"
"Other primary solid biomass fuels","Institutional","-1.0","11.600",100000.00,300.00,4.00,"1.05",,"GHGP http://www.ghgprotocol.org/calculation-tools/all-tools"
"Blast furnace gas","Fisheries","-1.0","2.470",260000.00,5.00,0.10,"1.11",,"GHGP http://www.ghgprotocol.org/calculation-tools/all-tools"
"Other biogas","Fisheries","-1.0","50.400",54600.00,5.00,0.10,"1.11",,"GHGP http://www.ghgprotocol.org/calculation-tools/all-tools"
"Bitumen","Forestry","-1.0","40.200",80700.00,10.00,0.60,"1.05",,"GHGP http://www.ghgprotocol.org/calculation-tools/all-tools"
"Other liquid biofuels","Institutional","-1.0","27.400",79600.00,10.00,0.60,"1.05",,"GHGP http://www.ghgprotocol.org/calculation-tools/all-tools"
"Other kerosene","Institutional","800.0","43.800",71900.00,10.00,0.60,"1.05",,"GHGP http://www.ghgprotocol.org/calculation-tools/all-tools"
"Naphtha","Energy","770.0","44.500",73300.00,3.00,0.60,"1.05",,"GHGP http://www.ghgprotocol.org/calculation-tools/all-tools"
"Residual fuel oil","Manufacturing","940.0","40.400",77400.00,3.00,0.60,"1.05",,"GHGP http://www.ghgprotocol.org/calculation-tools/all-tools"
"Blast furnace gas","Residential","-1.0","2.470",260000.00,5.00,0.10,"1.11",,"GHGP http://www.ghgprotocol.org/calculation-tools/all-tools"
"Refinery feedstocks","Commercial","-1.0","43.000",73300.00,10.00,0.60,"1.05",,"GHGP http://www.ghgprotocol.org/calculation-tools/all-tools"
"Sub bituminous coal","Energy","-1.0","18.900",96100.00,1.00,1.50,"1.05",,"GHGP http://www.ghgprotocol.org/calculation-tools/all-tools"
"Refinery feedstocks","Forestry","-1.0","43.000",73300.00,10.00,0.60,"1.05",,"GHGP http://www.ghgprotocol.org/calculation-tools/all-tools"
"Municipal wastes (Biomass fraction)","Agriculture","-1.0","11.600",100000.00,300.00,4.00,"1.05",,"GHGP http://www.ghgprotocol.org/calculation-tools/all-tools"
"Lignite coke","Construction","-1.0","28.200",107000.00,10.00,1.50,"1.05",,"GHGP http://www.ghgprotocol.org/calculation-tools/all-tools"
"Municipal wastes (Biomass fraction)","Institutional","-1.0","11.600",100000.00,300.00,4.00,"1.05",,"GHGP http://www.ghgprotocol.org/calculation-tools/all-tools"
"Refinery gas","Institutional","-1.0","49.500",57600.00,5.00,0.10,"1.11",,"GHGP http://www.ghgprotocol.org/calculation-tools/all-tools"
"Wood or Wood waste","Forestry","-1.0","15.600",112000.00,300.00,4.00,"1.05",,"GHGP http://www.ghgprotocol.org/calculation-tools/all-tools"
"Other primary solid biomass fuels","Agriculture","-1.0","11.600",100000.00,300.00,4.00,"1.05",,"GHGP http://www.ghgprotocol.org/calculation-tools/all-tools"
"Oil shale and tar sands","Agriculture","-1.0","8.900",107000.00,300.00,1.50,"1.05",,"GHGP http://www.ghgprotocol.org/calculation-tools/all-tools"
"Other liquid biofuels","Agriculture","-1.0","27.400",79600.00,10.00,0.60,"1.05",,"GHGP http://www.ghgprotocol.org/calculation-tools/all-tools"
"Oil shale and tar sands","Institutional","-1.0","8.900",107000.00,10.00,1.50,"1.05",,"GHGP http://www.ghgprotocol.org/calculation-tools/all-tools"
"Charcoal","Construction","-1.0","29.500",112000.00,200.00,4.00,"1.05",,"GHGP http://www.ghgprotocol.org/calculation-tools/all-tools"
"Jet kerosene","Fisheries","790.0","44.100",71500.00,10.00,0.60,"1.05",,"GHGP http://www.ghgprotocol.org/calculation-tools/all-tools"
"White Spirit/SBP","Fisheries","-1.0","40.200",73300.00,10.00,0.60,"1.05",,"GHGP http://www.ghgprotocol.org/calculation-tools/all-tools"
"Bitumen","Fisheries","-1.0","40.200",80700.00,10.00,0.60,"1.05",,"GHGP http://www.ghgprotocol.org/calculation-tools/all-tools"
"Oxygen steel furnace gas","Energy","-1.0","7.060",182000.00,1.00,0.10,"1.11",,"GHGP http://www.ghgprotocol.org/calculation-tools/all-tools"
"Liquified Petroleum Gases","Energy","540.0","47.300",63100.00,1.00,0.10,"1.11",,"GHGP http://www.ghgprotocol.org/calculation-tools/all-tools"
"Naphtha","Residential","770.0","44.500",73300.00,10.00,0.60,"1.05",,"GHGP http://www.ghgprotocol.org/calculation-tools/all-tools"
"Coking coal","Energy","-1.0","28.200",94600.00,1.00,1.50,"1.05",,"GHGP http://www.ghgprotocol.org/calculation-tools/all-tools"
"Other biogas","Residential","-1.0","50.400",54600.00,5.00,0.10,"1.11",,"GHGP http://www.ghgprotocol.org/calculation-tools/all-tools"
"Coal tar","Forestry","-1.0","28.000",80700.00,300.00,1.50,"1.05",,"GHGP http://www.ghgprotocol.org/calculation-tools/all-tools"
"Aviation gasoline","Agriculture","710.0","44.300",70000.00,10.00,0.60,"1.05",,"GHGP http://www.ghgprotocol.org/calculation-tools/all-tools"
"Natural gas","Construction","0.7","48.000",56100.00,1.00,0.10,"1.11",,"GHGP http://www.ghgprotocol.org/calculation-tools/all-tools"
"Shale oil","Residential","1000.0","38.100",73300.00,10.00,0.60,"1.05",,"GHGP http://www.ghgprotocol.org/calculation-tools/all-tools"
"Motor gasoline","Fisheries","740.0","44.300",69300.00,10.00,0.60,"1.05",,"GHGP http://www.ghgprotocol.org/calculation-tools/all-tools"
"Natural Gas Liquids","Manufacturing","-1.0","44.200",64200.00,3.00,0.60,"1.05",,"GHGP http://www.ghgprotocol.org/calculation-tools/all-tools"
"Natural Gas Liquids","Construction","-1.0","44.200",64200.00,3.00,0.60,"1.05",,"GHGP http://www.ghgprotocol.org/calculation-tools/all-tools"
"Anthracite","Forestry","-1.0","26.700",98300.00,300.00,1.50,"1.05",,"GHGP http://www.ghgprotocol.org/calculation-tools/all-tools"
"Sludge gas","Energy","-1.0","50.400",54600.00,1.00,0.10,"1.11",,"GHGP http://www.ghgprotocol.org/calculation-tools/all-tools"
"Coke oven coke","Institutional","-1.0","28.200",107000.00,10.00,1.50,"1.05",,"GHGP http://www.ghgprotocol.org/calculation-tools/all-tools"
"Wood or Wood waste","Commercial","-1.0","15.600",112000.00,300.00,4.00,"1.05",,"GHGP http://www.ghgprotocol.org/calculation-tools/all-tools"
"Coke oven gas","Residential","-1.0","38.700",44400.00,5.00,0.10,"1.11",,"GHGP http://www.ghgprotocol.org/calculation-tools/all-tools"
"Other kerosene","Commercial","800.0","43.800",71900.00,10.00,0.60,"1.05",,"GHGP http://www.ghgprotocol.org/calculation-tools/all-tools"
"Natural Gas Liquids","Agriculture","-1.0","44.200",64200.00,10.00,0.60,"1.05",,"GHGP http://www.ghgprotocol.org/calculation-tools/all-tools"
"Lignite","Fisheries","-1.0","11.900",101000.00,300.00,1.50,"1.05",,"GHGP http://www.ghgprotocol.org/calculation-tools/all-tools"
"Gas coke","Energy","-1.0","28.200",107000.00,1.00,0.10,"1.05",,"GHGP http://www.ghgprotocol.org/calculation-tools/all-tools"
"Liquified Petroleum Gases","Fisheries","540.0","47.300",63100.00,5.00,0.10,"1.11",,"GHGP http://www.ghgprotocol.org/calculation-tools/all-tools"
"Liquified Petroleum Gases","Construction","540.0","47.300",63100.00,1.00,0.10,"1.11",,"GHGP http://www.ghgprotocol.org/calculation-tools/all-tools"
"Waste oils","Energy","-1.0","40.200",73300.00,30.00,4.00,"1.05",,"GHGP http://www.ghgprotocol.org/calculation-tools/all-tools"
"Liquified Petroleum Gases","Residential","540.0","47.300",63100.00,5.00,0.10,"1.11",,"GHGP http://www.ghgprotocol.org/calculation-tools/all-tools"
"Other kerosene","Manufacturing","800.0","43.800",71900.00,3.00,0.60,"1.05",,"GHGP http://www.ghgprotocol.org/calculation-tools/all-tools"
"Biodiesels","Agriculture","-1.0","27.000",70800.00,10.00,0.60,"1.05",,"GHGP http://www.ghgprotocol.org/calculation-tools/all-tools"
"Shale oil","Fisheries","1000.0","38.100",73300.00,10.00,0.60,"1.05",,"GHGP http://www.ghgprotocol.org/calculation-tools/all-tools"
"Wood or Wood waste","Residential","-1.0","15.600",112000.00,300.00,4.00,"1.05",,"GHGP http://www.ghgprotocol.org/calculation-tools/all-tools"
"Patent fuel","Forestry","-1.0","20.700",97500.00,300.00,1.50,"1.05",,"GHGP http://www.ghgprotocol.org/calculation-tools/all-tools"
"White Spirit/SBP","Manufacturing","-1.0","40.200",73300.00,3.00,0.60,"1.05",,"GHGP http://www.ghgprotocol.org/calculation-tools/all-tools"
"Orimulsion","Energy","-1.0","27.500",77000.00,3.00,0.60,"1.05",,"GHGP http://www.ghgprotocol.org/calculation-tools/all-tools"
"Pulping liquors","Manufacturing","-1.0","-1.000",0.00,2.50,2.00,"1.05",,"GHGP http://www.ghgprotocol.org/calculation-tools/all-tools"
"Residual fuel oil","Boilers","-1.0","40.400",77400.00,3.00,0.30,"1.05",,"GHGP http://www.ghgprotocol.org/calculation-tools/all-tools"
"Other bituminous coal","Pulverised dry bottom, wall fired","-1.0","25.800",94600.00,0.70,0.50,"1.05",,"GHGP http://www.ghgprotocol.org/calculation-tools/all-tools"
"Residual fuel oil","Forestry","940.0","40.400",77400.00,10.00,0.60,"1.05",,"GHGP http://www.ghgprotocol.org/calculation-tools/all-tools"
"Peat","Institutional","-1.0","9.760",106000.00,10.00,1.40,"1.05",,"GHGP http://www.ghgprotocol.org/calculation-tools/all-tools"
"Biogasoline","Commercial","-1.0","27.000",70800.00,10.00,0.60,"1.05",,"GHGP http://www.ghgprotocol.org/calculation-tools/all-tools"
"Other petroleum products","Forestry","-1.0","40.200",73300.00,10.00,0.60,"1.05",,"GHGP http://www.ghgprotocol.org/calculation-tools/all-tools"
"Sub bituminous coal","Fluidised circulating bed combustor","-1.0","18.900",96100.00,1.00,61.00,"1.05",,"GHGP http://www.ghgprotocol.org/calculation-tools/all-tools"
"Other primary solid biomass fuels","Construction","-1.0","11.600",100000.00,20.00,4.00,"1.05",,"GHGP http://www.ghgprotocol.org/calculation-tools/all-tools"
"Charcoal","Agriculture","-1.0","29.500",112000.00,200.00,1.00,"1.05",,"GHGP http://www.ghgprotocol.org/calculation-tools/all-tools"
"Other bituminous coal","Energy","-1.0","25.800",94600.00,1.00,1.50,"1.05",,"GHGP http://www.ghgprotocol.org/calculation-tools/all-tools"
"Petroleum coke","Institutional","-1.0","32.500",97500.00,10.00,0.60,"1.05",,"GHGP http://www.ghgprotocol.org/calculation-tools/all-tools"
"Natural gas","Forestry","0.7","48.000",56100.00,5.00,0.10,"1.11",,"GHGP http://www.ghgprotocol.org/calculation-tools/all-tools"
"Natural Gas Liquids","Energy","-1.0","44.200",64200.00,3.00,0.60,"1.05",,"GHGP http://www.ghgprotocol.org/calculation-tools/all-tools"
"Industrial wastes","Agriculture","-1.0","-1.000",143000.00,300.00,4.00,"1.05",,"GHGP http://www.ghgprotocol.org/calculation-tools/all-tools"
"Lignite","Forestry","-1.0","11.900",101000.00,300.00,1.50,"1.05",,"GHGP http://www.ghgprotocol.org/calculation-tools/all-tools"
"Residual fuel oil","Calciners","940.0","40.400",77400.00,2.70,0.60,"1.05",,"GHGP http://www.ghgprotocol.org/calculation-tools/all-tools"
"Lubricants","Fisheries","1000.0","40.200",73300.00,10.00,0.60,"1.05",,"GHGP http://www.ghgprotocol.org/calculation-tools/all-tools"
"Coke oven gas","Forestry","-1.0","38.700",44400.00,5.00,0.10,"1.11",,"GHGP http://www.ghgprotocol.org/calculation-tools/all-tools"
"Jet kerosene","Manufacturing","790.0","44.100",71500.00,3.00,0.60,"1.05",,"GHGP http://www.ghgprotocol.org/calculation-tools/all-tools"
"Aviation gasoline","Energy","710.0","44.300",70000.00,3.00,0.60,"1.05",,"GHGP http://www.ghgprotocol.org/calculation-tools/all-tools"
"Jet kerosene","Energy","790.0","44.100",71500.00,3.00,0.60,"1.05",,"GHGP http://www.ghgprotocol.org/calculation-tools/all-tools"
"Anthracite","Agriculture","-1.0","26.700",98300.00,300.00,1.50,"1.05",,"GHGP http://www.ghgprotocol.org/calculation-tools/all-tools"
"Coking coal","Construction","-1.0","28.200",94600.00,10.00,1.50,"1.05",,"GHGP http://www.ghgprotocol.org/calculation-tools/all-tools"
"Natural gas","Boilers","0.7","48.000",56100.00,1.00,1.00,"1.11",,"GHGP http://www.ghgprotocol.org/calculation-tools/all-tools"
"Patent fuel","Commercial","-1.0","20.700",97500.00,10.00,1.50,"1.05",,"GHGP http://www.ghgprotocol.org/calculation-tools/all-tools"
"Other biogas","Forestry","-1.0","50.400",54600.00,5.00,0.10,"1.11",,"GHGP http://www.ghgprotocol.org/calculation-tools/all-tools"
"Brown coal briquettes","Residential","-1.0","20.700",97500.00,300.00,1.50,"1.05",,"GHGP http://www.ghgprotocol.org/calculation-tools/all-tools"
"Lignite coke","Fisheries","-1.0","28.200",107000.00,300.00,1.50,"1.05",,"GHGP http://www.ghgprotocol.org/calculation-tools/all-tools"
"Oil shale and tar sands","Forestry","-1.0","8.900",107000.00,300.00,1.50,"1.05",,"GHGP http://www.ghgprotocol.org/calculation-tools/all-tools"
"Other primary solid biomass fuels","Energy","-1.0","11.600",100000.00,30.00,4.00,"1.05",,"GHGP http://www.ghgprotocol.org/calculation-tools/all-tools"
"Aviation gasoline","Institutional","710.0","44.300",70000.00,10.00,0.60,"1.05",,"GHGP http://www.ghgprotocol.org/calculation-tools/all-tools"
"Sulphite lyes (Black liqour)","Commercial","-1.0","11.800",95300.00,3.00,2.00,"1.05",,"GHGP http://www.ghgprotocol.org/calculation-tools/all-tools"
"Brown coal briquettes","Institutional","-1.0","20.700",97500.00,10.00,1.50,"1.05",,"GHGP http://www.ghgprotocol.org/calculation-tools/all-tools"
"Oil shale and tar sands","Construction","-1.0","8.900",107000.00,10.00,1.50,"1.05",,"GHGP http://www.ghgprotocol.org/calculation-tools/all-tools"
"Ethane","Institutional","1.3","46.400",61600.00,5.00,0.10,"1.11",,"GHGP http://www.ghgprotocol.org/calculation-tools/all-tools"
"Sub bituminous coal","Pulverised dry bottom, wall fired","-1.0","18.900",96100.00,0.70,0.50,"1.05",,"GHGP http://www.ghgprotocol.org/calculation-tools/all-tools"
"Gas/Diesel oil","Large stationary diesel oil engines","-1.0","43.000",74100.00,4.00,0.00,"1.05",,"GHGP http://www.ghgprotocol.org/calculation-tools/all-tools"
"Landfill gas","Agriculture","0.9","50.400",54600.00,5.00,0.10,"1.11",,"GHGP http://www.ghgprotocol.org/calculation-tools/all-tools"
"Ethane","Residential","1.3","46.400",61600.00,5.00,0.10,"1.11",,"GHGP http://www.ghgprotocol.org/calculation-tools/all-tools"
"Landfill gas","Construction","0.9","50.400",54600.00,1.00,0.10,"1.11",,"GHGP http://www.ghgprotocol.org/calculation-tools/all-tools"
"Municipal wastes (Biomass fraction)","Forestry","-1.0","11.600",100000.00,300.00,4.00,"1.05",,"GHGP http://www.ghgprotocol.org/calculation-tools/all-tools"
"Orimulsion","Residential","-1.0","27.500",77000.00,10.00,0.60,"1.05",,"GHGP http://www.ghgprotocol.org/calculation-tools/all-tools"
"Aviation gasoline","Fisheries","710.0","44.300",70000.00,10.00,0.60,"1.05",,"GHGP http://www.ghgprotocol.org/calculation-tools/all-tools"
"Motor gasoline","Construction","740.0","44.300",69300.00,3.00,0.60,"1.05",,"GHGP http://www.ghgprotocol.org/calculation-tools/all-tools"
"Sludge gas","Manufacturing","-1.0","50.400",54600.00,1.00,0.10,"1.11",,"GHGP http://www.ghgprotocol.org/calculation-tools/all-tools"
"Sub bituminous coal","Underfeed stoker boilers","-1.0","18.900",96100.00,14.00,0.70,"1.05",,"GHGP http://www.ghgprotocol.org/calculation-tools/all-tools"
"Wood or Wood waste","Fisheries","-1.0","15.600",112000.00,300.00,4.00,"1.05",,"GHGP http://www.ghgprotocol.org/calculation-tools/all-tools"
"Industrial wastes","Fisheries","-1.0","-1.000",143000.00,300.00,4.00,"1.05",,"GHGP http://www.ghgprotocol.org/calculation-tools/all-tools"
"Naphtha","Fisheries","770.0","44.500",73300.00,10.00,0.60,"1.05",,"GHGP http://www.ghgprotocol.org/calculation-tools/all-tools"
"Lignite","Commercial","-1.0","11.900",101000.00,10.00,1.50,"1.05",,"GHGP http://www.ghgprotocol.org/calculation-tools/all-tools"
"Coal tar","Commercial","-1.0","28.000",80700.00,10.00,1.50,"1.05",,"GHGP http://www.ghgprotocol.org/calculation-tools/all-tools"
"Peat","Manufacturing","-1.0","9.760",106000.00,2.00,1.50,"1.05",,"GHGP http://www.ghgprotocol.org/calculation-tools/all-tools"
"Other liquid biofuels","Commercial","-1.0","27.400",79600.00,10.00,0.60,"1.05",,"GHGP http://www.ghgprotocol.org/calculation-tools/all-tools"
"Gas/Diesel oil","Agriculture","840.0","43.000",74100.00,10.00,0.60,"1.05",,"GHGP http://www.ghgprotocol.org/calculation-tools/all-tools"
"Natural gas","Agriculture","0.7","48.000",56100.00,5.00,0.10,"1.11",,"GHGP http://www.ghgprotocol.org/calculation-tools/all-tools"
"Waste oils","Agriculture","-1.0","40.200",73300.00,300.00,4.00,"1.05",,"GHGP http://www.ghgprotocol.org/calculation-tools/all-tools"
"Refinery gas","Manufacturing","-1.0","49.500",57600.00,1.00,0.10,"1.11",,"GHGP http://www.ghgprotocol.org/calculation-tools/all-tools"
"Jet kerosene","Forestry","790.0","44.100",71500.00,10.00,0.60,"1.05",,"GHGP http://www.ghgprotocol.org/calculation-tools/all-tools"
"Anthracite","Institutional","-1.0","26.700",98300.00,10.00,1.50,"1.05",,"GHGP http://www.ghgprotocol.org/calculation-tools/all-tools"
"Other petroleum products","Energy","-1.0","40.200",73300.00,3.00,0.60,"1.05",,"GHGP http://www.ghgprotocol.org/calculation-tools/all-tools"
"Biogas","Boilers","-1.0","-1.000",0.00,2.70,0.00,"1.11",,"GHGP http://www.ghgprotocol.org/calculation-tools/all-tools"
"Motor gasoline","Residential","740.0","44.300",69300.00,10.00,0.60,"1.05",,"GHGP http://www.ghgprotocol.org/calculation-tools/all-tools"
"Bitumen","Agriculture","-1.0","40.200",80700.00,10.00,0.60,"1.05",,"GHGP http://www.ghgprotocol.org/calculation-tools/all-tools"
"Refinery gas","Agriculture","-1.0","49.500",57600.00,5.00,0.10,"1.11",,"GHGP http://www.ghgprotocol.org/calculation-tools/all-tools"
"Industrial wastes","Institutional","-1.0","-1.000",143000.00,300.00,4.00,"1.05",,"GHGP http://www.ghgprotocol.org/calculation-tools/all-tools"
"Municipal waste (Non biomass fraction)","Institutional","-1.0","10.000",91700.00,300.00,4.00,"1.05",,"GHGP http://www.ghgprotocol.org/calculation-tools/all-tools"
"Municipal wastes (Biomass fraction)","Fisheries","-1.0","11.600",100000.00,300.00,4.00,"1.05",,"GHGP http://www.ghgprotocol.org/calculation-tools/all-tools"
"Charcoal","Energy","-1.0","29.500",112000.00,200.00,4.00,"1.05",,"GHGP http://www.ghgprotocol.org/calculation-tools/all-tools"
"Biodiesels","Construction","-1.0","27.000",70800.00,3.00,0.60,"1.05",,"GHGP http://www.ghgprotocol.org/calculation-tools/all-tools"
"Peat","Energy","-1.0","9.760",106000.00,1.00,1.50,"1.05",,"GHGP http://www.ghgprotocol.org/calculation-tools/all-tools"
"Residual fuel oil","Energy","940.0","40.400",77400.00,3.00,0.60,"1.05",,"GHGP http://www.ghgprotocol.org/calculation-tools/all-tools"
"Motor gasoline","Energy","740.0","44.300",69300.00,3.00,0.60,"1.05",,"GHGP http://www.ghgprotocol.org/calculation-tools/all-tools"
"Peat","Fisheries","-1.0","9.760",106000.00,300.00,1.40,"1.05",,"GHGP http://www.ghgprotocol.org/calculation-tools/all-tools"
"Gas works gas","Agriculture","-1.0","38.700",44400.00,5.00,0.10,"1.11",,"GHGP http://www.ghgprotocol.org/calculation-tools/all-tools"
"Municipal waste (Non biomass fraction)","Agriculture","-1.0","10.000",91700.00,300.00,4.00,"1.05",,"GHGP http://www.ghgprotocol.org/calculation-tools/all-tools"
"Aviation gasoline","Manufacturing","710.0","44.300",70000.00,3.00,0.60,"1.05",,"GHGP http://www.ghgprotocol.org/calculation-tools/all-tools"
"Other primary solid biomass fuels","Manufacturing","-1.0","11.600",100000.00,20.00,4.00,"1.05",,"GHGP http://www.ghgprotocol.org/calculation-tools/all-tools"
"Residual fuel oil No.4","General","909.0","41.690",75982.00,0.00,0.00,"1.05",,"GHGP http://www.ghgprotocol.org/calculation-tools/all-tools"
"Refinery feedstocks","Fisheries","-1.0","43.000",73300.00,10.00,0.60,"1.05",,"GHGP http://www.ghgprotocol.org/calculation-tools/all-tools"
"Lubricants","Construction","1000.0","40.200",73300.00,3.00,0.60,"1.05",,"GHGP http://www.ghgprotocol.org/calculation-tools/all-tools"
"Other liquid biofuels","Manufacturing","-1.0","27.400",79600.00,3.00,0.60,"1.05",,"GHGP http://www.ghgprotocol.org/calculation-tools/all-tools"
"Aviation gasoline","Construction","710.0","44.300",70000.00,3.00,0.60,"1.05",,"GHGP http://www.ghgprotocol.org/calculation-tools/all-tools"
"Shale oil","Boilers","-1.0","38.100",73300.00,3.00,0.30,"1.05",,"GHGP http://www.ghgprotocol.org/calculation-tools/all-tools"
"Other primary solid biomass fuels","Commercial","-1.0","11.600",100000.00,300.00,4.00,"1.05",,"GHGP http://www.ghgprotocol.org/calculation-tools/all-tools"
"Residual fuel oil","Agriculture","940.0","40.400",77400.00,10.00,0.60,"1.05",,"GHGP http://www.ghgprotocol.org/calculation-tools/all-tools"
"Other petroleum products","Fisheries","-1.0","40.200",73300.00,10.00,0.60,"1.05",,"GHGP http://www.ghgprotocol.org/calculation-tools/all-tools"
"Coking coal","Commercial","-1.0","28.200",94600.00,10.00,1.50,"1.05",,"GHGP http://www.ghgprotocol.org/calculation-tools/all-tools"
"Lignite coke","Residential","-1.0","28.200",107000.00,300.00,1.50,"1.05",,"GHGP http://www.ghgprotocol.org/calculation-tools/all-tools"
"Bitumen","Commercial","-1.0","40.200",80700.00,10.00,0.60,"1.05",,"GHGP http://www.ghgprotocol.org/calculation-tools/all-tools"
"Crude oil","Agriculture","800.0","42.300",73300.00,10.00,0.60,"1.05",,"GHGP http://www.ghgprotocol.org/calculation-tools/all-tools"
"Patent fuel","Fisheries","-1.0","20.700",97500.00,300.00,1.50,"1.05",,"GHGP http://www.ghgprotocol.org/calculation-tools/all-tools"
"Oxygen steel furnace gas","Residential","-1.0","7.060",182000.00,5.00,0.10,"1.11",,"GHGP http://www.ghgprotocol.org/calculation-tools/all-tools"
"Anthracite","Energy","-1.0","26.700",98300.00,1.00,1.50,"1.05",,"GHGP http://www.ghgprotocol.org/calculation-tools/all-tools"
"Wood or Wood waste","Pulp and paper","-1.0","15.600",0.00,12.00,4.00,"1.05",,"GHGP http://www.ghgprotocol.org/calculation-tools/all-tools"
"Bitumen","Energy","-1.0","40.200",80700.00,3.00,0.60,"1.05",,"GHGP http://www.ghgprotocol.org/calculation-tools/all-tools"
"Waste oils","Construction","-1.0","40.200",73300.00,30.00,4.00,"1.05",,"GHGP http://www.ghgprotocol.org/calculation-tools/all-tools"
"Biogas","Kilns","-1.0","-1.000",0.00,2.70,0.00,"1.11",,"GHGP http://www.ghgprotocol.org/calculation-tools/all-tools"
"Brown coal briquettes","Fisheries","-1.0","20.700",97500.00,300.00,1.50,"1.05",,"GHGP http://www.ghgprotocol.org/calculation-tools/all-tools"
"Gas/Diesel oil","Fisheries","840.0","43.000",74100.00,10.00,0.60,"1.05",,"GHGP http://www.ghgprotocol.org/calculation-tools/all-tools"
"Coking coal","Fisheries","-1.0","28.200",94600.00,300.00,1.50,"1.05",,"GHGP http://www.ghgprotocol.org/calculation-tools/all-tools"
"Biogasoline","Manufacturing","-1.0","27.000",70800.00,3.00,0.60,"1.05",,"GHGP http://www.ghgprotocol.org/calculation-tools/all-tools"
"Sludge gas","Fisheries","-1.0","50.400",54600.00,5.00,0.10,"1.11",,"GHGP http://www.ghgprotocol.org/calculation-tools/all-tools"
"Paraffin waxes","Institutional","-1.0","40.200",73300.00,10.00,0.60,"1.05",,"GHGP http://www.ghgprotocol.org/calculation-tools/all-tools"
"Landfill gas","Energy","0.9","50.400",54600.00,1.00,0.10,"1.11",,"GHGP http://www.ghgprotocol.org/calculation-tools/all-tools"
"Peat","Construction","-1.0","9.760",106000.00,2.00,1.50,"1.05",,"GHGP http://www.ghgprotocol.org/calculation-tools/all-tools"
"Coke oven gas","Fisheries","-1.0","38.700",44400.00,5.00,0.10,"1.11",,"GHGP http://www.ghgprotocol.org/calculation-tools/all-tools"
"Jet kerosene","Construction","790.0","44.100",71500.00,3.00,0.60,"1.05",,"GHGP http://www.ghgprotocol.org/calculation-tools/all-tools"
"Other biogas","Energy","-1.0","50.400",54600.00,1.00,0.10,"1.11",,"GHGP http://www.ghgprotocol.org/calculation-tools/all-tools"
"Other bituminous coal","Residential","-1.0","25.800",94600.00,300.00,1.50,"1.05",,"GHGP http://www.ghgprotocol.org/calculation-tools/all-tools"
"Oil shale and tar sands","Energy","-1.0","8.900",107000.00,1.00,1.50,"1.05",,"GHGP http://www.ghgprotocol.org/calculation-tools/all-tools"
"Waste oils","Institutional","-1.0","40.200",73300.00,300.00,4.00,"1.05",,"GHGP http://www.ghgprotocol.org/calculation-tools/all-tools"
"Jet gasoline","Institutional","-1.0","44.300",70000.00,10.00,0.60,"1.05",,"GHGP http://www.ghgprotocol.org/calculation-tools/all-tools"
"Other primary solid biomass fuels","Residential","-1.0","11.600",100000.00,300.00,4.00,"1.05",,"GHGP http://www.ghgprotocol.org/calculation-tools/all-tools"
"Waste oils","Fisheries","-1.0","40.200",73300.00,300.00,4.00,"1.05",,"GHGP http://www.ghgprotocol.org/calculation-tools/all-tools"
"Other bituminous coal","Institutional","-1.0","25.800",94600.00,10.00,1.50,"1.05",,"GHGP http://www.ghgprotocol.org/calculation-tools/all-tools"
"Other biogas","Institutional","-1.0","50.400",54600.00,5.00,0.10,"1.11",,"GHGP http://www.ghgprotocol.org/calculation-tools/all-tools"
"Gas/Diesel oil","Commercial","840.0","43.000",74100.00,10.00,0.60,"1.05",,"GHGP http://www.ghgprotocol.org/calculation-tools/all-tools"
"Sulphite lyes (Black liqour)","Energy","-1.0","11.800",95300.00,3.00,2.00,"1.05",,"GHGP http://www.ghgprotocol.org/calculation-tools/all-tools"
"Patent fuel","Agriculture","-1.0","20.700",97500.00,300.00,1.50,"1.05",,"GHGP http://www.ghgprotocol.org/calculation-tools/all-tools"
"Crude oil","Construction","800.0","42.300",73300.00,3.00,0.60,"1.05",,"GHGP http://www.ghgprotocol.org/calculation-tools/all-tools"
"Sub bituminous coal","Fluidised bubbling bed combustor","-1.0","18.900",96100.00,1.00,61.00,"1.05",,"GHGP http://www.ghgprotocol.org/calculation-tools/all-tools"
"Brown coal briquettes","Manufacturing","-1.0","20.700",97500.00,10.00,1.50,"1.05",,"GHGP http://www.ghgprotocol.org/calculation-tools/all-tools"
"Gas/Diesel oil","Boilers","-1.0","43.000",74100.00,0.20,0.40,"1.05",,"GHGP http://www.ghgprotocol.org/calculation-tools/all-tools"
"Coal tar","Manufacturing","-1.0","28.000",80700.00,10.00,1.50,"1.05",,"GHGP http://www.ghgprotocol.org/calculation-tools/all-tools"
"Biogasoline","Residential","-1.0","27.000",70800.00,10.00,0.60,"1.05",,"GHGP http://www.ghgprotocol.org/calculation-tools/all-tools"
"Sulphite lyes (Black liqour)","Institutional","-1.0","11.800",95300.00,3.00,2.00,"1.05",,"GHGP http://www.ghgprotocol.org/calculation-tools/all-tools"
"Petroleum coke","Agriculture","-1.0","32.500",97500.00,10.00,0.60,"1.05",,"GHGP http://www.ghgprotocol.org/calculation-tools/all-tools"
"Anthracite","Commercial","-1.0","26.700",98300.00,10.00,1.50,"1.05",,"GHGP http://www.ghgprotocol.org/calculation-tools/all-tools"
"Refinery gas","Fisheries","-1.0","49.500",57600.00,5.00,0.10,"1.11",,"GHGP http://www.ghgprotocol.org/calculation-tools/all-tools"
"Natural gas","Commercial","0.7","48.000",56100.00,5.00,0.10,"1.11",,"GHGP http://www.ghgprotocol.org/calculation-tools/all-tools"
"Paraffin waxes","Manufacturing","-1.0","40.200",73300.00,3.00,0.60,"1.05",,"GHGP http://www.ghgprotocol.org/calculation-tools/all-tools"
"Biogasoline","Forestry","-1.0","27.000",70800.00,10.00,0.60,"1.05",,"GHGP http://www.ghgprotocol.org/calculation-tools/all-tools"
"Brown coal briquettes","Forestry","-1.0","20.700",97500.00,300.00,1.50,"1.05",,"GHGP http://www.ghgprotocol.org/calculation-tools/all-tools"
"Naphtha","Forestry","770.0","44.500",73300.00,10.00,0.60,"1.05",,"GHGP http://www.ghgprotocol.org/calculation-tools/all-tools"
"Biodiesels","Residential","-1.0","27.000",70800.00,10.00,0.60,"1.05",,"GHGP http://www.ghgprotocol.org/calculation-tools/all-tools"
"Naphtha","Construction","770.0","44.500",73300.00,3.00,0.60,"1.05",,"GHGP http://www.ghgprotocol.org/calculation-tools/all-tools"
"Coke oven coke","Construction","-1.0","28.200",107000.00,10.00,1.50,"1.05",,"GHGP http://www.ghgprotocol.org/calculation-tools/all-tools"
"Sub bituminous coal","Agriculture","-1.0","18.900",96100.00,300.00,1.50,"1.05",,"GHGP http://www.ghgprotocol.org/calculation-tools/all-tools"
"Wood or Wood waste","Energy","-1.0","15.600",112000.00,30.00,4.00,"1.05",,"GHGP http://www.ghgprotocol.org/calculation-tools/all-tools"
"Coking coal","Agriculture","-1.0","28.200",94600.00,300.00,1.50,"1.05",,"GHGP http://www.ghgprotocol.org/calculation-tools/all-tools"
"Other bituminous coal","Pulverised wet bottom","-1.0","25.800",94600.00,0.90,1.40,"1.05",,"GHGP http://www.ghgprotocol.org/calculation-tools/all-tools"
"Lignite","Institutional","-1.0","11.900",101000.00,10.00,1.50,"1.05",,"GHGP http://www.ghgprotocol.org/calculation-tools/all-tools"
"Naphtha","Agriculture","770.0","44.500",73300.00,10.00,0.60,"1.05",,"GHGP http://www.ghgprotocol.org/calculation-tools/all-tools"
"Lubricants","Institutional","1000.0","40.200",73300.00,10.00,0.60,"1.05",,"GHGP http://www.ghgprotocol.org/calculation-tools/all-tools"
"Oil shale and tar sands","Manufacturing","-1.0","8.900",107000.00,10.00,1.50,"1.05",,"GHGP http://www.ghgprotocol.org/calculation-tools/all-tools"
"Liquified Petroleum Gases","Commercial","540.0","47.300",63100.00,5.00,0.10,"1.11",,"GHGP http://www.ghgprotocol.org/calculation-tools/all-tools"
"Lubricants","Residential","1000.0","40.200",73300.00,10.00,0.60,"1.05",,"GHGP http://www.ghgprotocol.org/calculation-tools/all-tools"
"Oxygen steel furnace gas","Institutional","-1.0","7.060",182000.00,5.00,0.10,"1.11",,"GHGP http://www.ghgprotocol.org/calculation-tools/all-tools"
"Bitumen","Institutional","-1.0","40.200",80700.00,10.00,0.60,"1.05",,"GHGP http://www.ghgprotocol.org/calculation-tools/all-tools"
"Other biogas","Manufacturing","-1.0","50.400",54600.00,1.00,0.10,"1.11",,"GHGP http://www.ghgprotocol.org/calculation-tools/all-tools"
"Jet gasoline","Manufacturing","-1.0","44.300",70000.00,3.00,0.60,"1.05",,"GHGP http://www.ghgprotocol.org/calculation-tools/all-tools"
"Other bituminous coal","Forestry","-1.0","25.800",94600.00,300.00,1.50,"1.05",,"GHGP http://www.ghgprotocol.org/calculation-tools/all-tools"
"Other bituminous coal","Manufacturing","-1.0","25.800",94600.00,10.00,1.50,"1.05",,"GHGP http://www.ghgprotocol.org/calculation-tools/all-tools"
"Charcoal","Residential","-1.0","29.500",112000.00,200.00,1.00,"1.05",,"GHGP http://www.ghgprotocol.org/calculation-tools/all-tools"
"Gas coke","Residential","-1.0","28.200",107000.00,5.00,0.10,"1.05",,"GHGP http://www.ghgprotocol.org/calculation-tools/all-tools"
"Gas coke","Fisheries","-1.0","28.200",107000.00,5.00,0.10,"1.05",,"GHGP http://www.ghgprotocol.org/calculation-tools/all-tools"
"Industrial wastes","Residential","-1.0","-1.000",143000.00,300.00,4.00,"1.05",,"GHGP http://www.ghgprotocol.org/calculation-tools/all-tools"
"Residual fuel oil","Fisheries","940.0","40.400",77400.00,10.00,0.60,"1.05",,"GHGP http://www.ghgprotocol.org/calculation-tools/all-tools"
"Coke oven coke","Forestry","-1.0","28.200",107000.00,300.00,1.50,"1.05",,"GHGP http://www.ghgprotocol.org/calculation-tools/all-tools"
"Natural gas","Institutional","0.7","48.000",56100.00,5.00,0.10,"1.11",,"GHGP http://www.ghgprotocol.org/calculation-tools/all-tools"
"Biodiesels","Energy","-1.0","27.000",70800.00,3.00,0.60,"1.05",,"GHGP http://www.ghgprotocol.org/calculation-tools/all-tools"
"White Spirit/SBP","Residential","-1.0","40.200",73300.00,10.00,0.60,"1.05",,"GHGP http://www.ghgprotocol.org/calculation-tools/all-tools"
"Coke oven coke","Manufacturing","-1.0","28.200",107000.00,10.00,1.50,"1.05",,"GHGP http://www.ghgprotocol.org/calculation-tools/all-tools"
"Gas works gas","Fisheries","-1.0","38.700",44400.00,5.00,0.10,"1.11",,"GHGP http://www.ghgprotocol.org/calculation-tools/all-tools"
"Liquified Petroleum Gases","Forestry","540.0","47.300",63100.00,5.00,0.10,"1.11",,"GHGP http://www.ghgprotocol.org/calculation-tools/all-tools"
"Sub bituminous coal","Forestry","-1.0","18.900",96100.00,300.00,1.50,"1.05",,"GHGP http://www.ghgprotocol.org/calculation-tools/all-tools"
"Sub bituminous coal","Institutional","-1.0","18.900",96100.00,10.00,1.50,"1.05",,"GHGP http://www.ghgprotocol.org/calculation-tools/all-tools"
"Patent fuel","Institutional","-1.0","20.700",97500.00,10.00,1.50,"1.05",,"GHGP http://www.ghgprotocol.org/calculation-tools/all-tools"
"Charcoal","Commercial","-1.0","29.500",112000.00,200.00,1.00,"1.05",,"GHGP http://www.ghgprotocol.org/calculation-tools/all-tools"
"Anthracite","Construction","-1.0","26.700",98300.00,10.00,1.50,"1.05",,"GHGP http://www.ghgprotocol.org/calculation-tools/all-tools"
"Municipal wastes (Biomass fraction)","Manufacturing","-1.0","11.600",100000.00,30.00,4.00,"1.05",,"GHGP http://www.ghgprotocol.org/calculation-tools/all-tools"
"Paraffin waxes","Commercial","-1.0","40.200",73300.00,10.00,0.60,"1.05",,"GHGP http://www.ghgprotocol.org/calculation-tools/all-tools"
"Biodiesels","Forestry","-1.0","27.000",70800.00,10.00,0.60,"1.05",,"GHGP http://www.ghgprotocol.org/calculation-tools/all-tools"
"Brown coal briquettes","Energy","-1.0","20.700",97500.00,1.00,1.50,"1.05",,"GHGP http://www.ghgprotocol.org/calculation-tools/all-tools"
"Oil shale and tar sands","Commercial","-1.0","8.900",107000.00,10.00,1.50,"1.05",,"GHGP http://www.ghgprotocol.org/calculation-tools/all-tools"
"White Spirit/SBP","Energy","-1.0","40.200",73300.00,3.00,0.60,"1.05",,"GHGP http://www.ghgprotocol.org/calculation-tools/all-tools"
"Jet kerosene","Agriculture","790.0","44.100",71500.00,10.00,0.60,"1.05",,"GHGP http://www.ghgprotocol.org/calculation-tools/all-tools"
"Coke oven coke","Commercial","-1.0","28.200",107000.00,10.00,1.50,"1.05",,"GHGP http://www.ghgprotocol.org/calculation-tools/all-tools"
"Other bituminous coal","Overfeed stoker boilers","-1.0","25.800",94600.00,1.00,0.70,"1.05",,"GHGP http://www.ghgprotocol.org/calculation-tools/all-tools"
"Brown coal briquettes","Commercial","-1.0","20.700",97500.00,10.00,1.50,"1.05",,"GHGP http://www.ghgprotocol.org/calculation-tools/all-tools"
"Sulphite lyes (Black liqour)","Construction","-1.0","11.800",95300.00,3.00,2.00,"1.05",,"GHGP http://www.ghgprotocol.org/calculation-tools/all-tools"
"Coke oven coke","Agriculture","-1.0","28.200",107000.00,300.00,1.50,"1.05",,"GHGP http://www.ghgprotocol.org/calculation-tools/all-tools"
"Gas/Diesel oil","Other","840.0","43.000",74100.00,0.20,0.40,"1.05",,"GHGP http://www.ghgprotocol.org/calculation-tools/all-tools"
"Other kerosene","Energy","800.0","43.800",71900.00,3.00,0.60,"1.05",,"GHGP http://www.ghgprotocol.org/calculation-tools/all-tools"
"Landfill gas","Forestry","0.9","50.400",54600.00,5.00,0.10,"1.11",,"GHGP http://www.ghgprotocol.org/calculation-tools/all-tools"
"Peat","Commercial","-1.0","9.760",106000.00,10.00,1.40,"1.05",,"GHGP http://www.ghgprotocol.org/calculation-tools/all-tools"
"Other liquid biofuels","Residential","-1.0","27.400",79600.00,10.00,0.60,"1.05",,"GHGP http://www.ghgprotocol.org/calculation-tools/all-tools"
"Orimulsion","Institutional","-1.0","27.500",77000.00,10.00,0.60,"1.05",,"GHGP http://www.ghgprotocol.org/calculation-tools/all-tools"
"Municipal wastes (Biomass fraction)","Residential","-1.0","11.600",100000.00,300.00,4.00,"1.05",,"GHGP http://www.ghgprotocol.org/calculation-tools/all-tools"
"Residual fuel oil No.5","General","950.0","41.790",77827.00,0.00,0.00,"1.05",,"GHGP http://www.ghgprotocol.org/calculation-tools/all-tools"
"Refinery gas","Forestry","-1.0","49.500",57600.00,5.00,0.10,"1.11",,"GHGP http://www.ghgprotocol.org/calculation-tools/all-tools"
"Other bituminous coal","Pulverised dry bottom, tangentially fired","-1.0","25.800",94600.00,0.70,1.40,"1.05",,"GHGP http://www.ghgprotocol.org/calculation-tools/all-tools"
"Biodiesels","Fisheries","-1.0","27.000",70800.00,10.00,0.60,"1.05",,"GHGP http://www.ghgprotocol.org/calculation-tools/all-tools"
"Natural gas","Fisheries","0.7","48.000",56100.00,5.00,0.10,"1.11",,"GHGP http://www.ghgprotocol.org/calculation-tools/all-tools"
"Lignite","Construction","-1.0","11.900",101000.00,10.00,1.50,"1.05",,"GHGP http://www.ghgprotocol.org/calculation-tools/all-tools"
"Landfill gas","Institutional","0.9","50.400",54600.00,5.00,0.10,"1.11",,"GHGP http://www.ghgprotocol.org/calculation-tools/all-tools"
"Petroleum coke","Manufacturing","-1.0","32.500",97500.00,3.00,0.60,"1.05",,"GHGP http://www.ghgprotocol.org/calculation-tools/all-tools"
"Gas coke","Construction","-1.0","28.200",107000.00,1.00,0.10,"1.05",,"GHGP http://www.ghgprotocol.org/calculation-tools/all-tools"
"Gas/Diesel oil","Residential","840.0","43.000",74100.00,10.00,0.60,"1.05",,"GHGP http://www.ghgprotocol.org/calculation-tools/all-tools"
"Lignite coke","Commercial","-1.0","28.200",107000.00,10.00,1.50,"1.05",,"GHGP http://www.ghgprotocol.org/calculation-tools/all-tools"
"Natural gas","Residential","0.7","48.000",56100.00,5.00,0.10,"1.11",,"GHGP http://www.ghgprotocol.org/calculation-tools/all-tools"
"Waste oils","Residential","-1.0","40.200",73300.00,300.00,4.00,"1.05",,"GHGP http://www.ghgprotocol.org/calculation-tools/all-tools"
"Patent fuel","Energy","-1.0","20.700",97500.00,1.00,1.50,"1.05",,"GHGP http://www.ghgprotocol.org/calculation-tools/all-tools"
"Refinery feedstocks","Construction","-1.0","43.000",73300.00,3.00,0.60,"1.05",,"GHGP http://www.ghgprotocol.org/calculation-tools/all-tools"
"Coal tar","Construction","-1.0","28.000",80700.00,10.00,1.50,"1.05",,"GHGP http://www.ghgprotocol.org/calculation-tools/all-tools"
"Coke oven gas","Institutional","-1.0","38.700",44400.00,5.00,0.10,"1.11",,"GHGP http://www.ghgprotocol.org/calculation-tools/all-tools"
"Crude oil","Commercial","800.0","42.300",73300.00,10.00,0.60,"1.05",,"GHGP http://www.ghgprotocol.org/calculation-tools/all-tools"
"Residual fuel oil","Lime kilns","940.0","40.400",77400.00,2.70,0.00,"1.05",,"GHGP http://www.ghgprotocol.org/calculation-tools/all-tools"
"Natural gas","Reciprocating engines, 2-stroke lean burn","0.7","48.000",56100.00,693.00,0.10,"1.11",,"GHGP http://www.ghgprotocol.org/calculation-tools/all-tools"
"Wood or Wood waste","Boilers","-1.0","15.600",112000.00,11.00,7.00,"1.05",,"GHGP http://www.ghgprotocol.org/calculation-tools/all-tools"
"Biodiesels","Commercial","-1.0","27.000",70800.00,10.00,0.60,"1.05",,"GHGP http://www.ghgprotocol.org/calculation-tools/all-tools"
"Refinery feedstocks","Agriculture","-1.0","43.000",73300.00,10.00,0.60,"1.05",,"GHGP http://www.ghgprotocol.org/calculation-tools/all-tools"
"Industrial wastes","Commercial","-1.0","-1.000",143000.00,300.00,4.00,"1.05",,"GHGP http://www.ghgprotocol.org/calculation-tools/all-tools"
"Motor gasoline","Forestry","740.0","44.300",69300.00,10.00,0.60,"1.05",,"GHGP http://www.ghgprotocol.org/calculation-tools/all-tools"
"Other bituminous coal","Fisheries","-1.0","25.800",94600.00,300.00,1.50,"1.05",,"GHGP http://www.ghgprotocol.org/calculation-tools/all-tools"
"Jet gasoline","Forestry","-1.0","44.300",70000.00,10.00,0.60,"1.05",,"GHGP http://www.ghgprotocol.org/calculation-tools/all-tools"
"Natural Gas Liquids","Residential","-1.0","44.200",64200.00,10.00,0.60,"1.05",,"GHGP http://www.ghgprotocol.org/calculation-tools/all-tools"
"Orimulsion","Agriculture","-1.0","27.500",77000.00,10.00,0.60,"1.05",,"GHGP http://www.ghgprotocol.org/calculation-tools/all-tools"
"Other kerosene","Construction","800.0","43.800",71900.00,3.00,0.60,"1.05",,"GHGP http://www.ghgprotocol.org/calculation-tools/all-tools"
"Peat","Agriculture","-1.0","9.760",106000.00,300.00,1.40,"1.05",,"GHGP http://www.ghgprotocol.org/calculation-tools/all-tools"
"Paraffin waxes","Residential","-1.0","40.200",73300.00,10.00,0.60,"1.05",,"GHGP http://www.ghgprotocol.org/calculation-tools/all-tools"
"Sulphite lyes (Black liqour)","Agriculture","-1.0","11.800",95300.00,3.00,2.00,"1.05",,"GHGP http://www.ghgprotocol.org/calculation-tools/all-tools"
"Other petroleum products","Residential","-1.0","40.200",73300.00,10.00,0.60,"1.05",,"GHGP http://www.ghgprotocol.org/calculation-tools/all-tools"
"Sludge gas","Agriculture","-1.0","50.400",54600.00,5.00,0.10,"1.11",,"GHGP http://www.ghgprotocol.org/calculation-tools/all-tools"
"Other bituminous coal","Fluidised circulating bed combustor","-1.0","25.800",94600.00,1.00,61.00,"1.05",,"GHGP http://www.ghgprotocol.org/calculation-tools/all-tools"
"Gas works gas","Residential","-1.0","38.700",44400.00,5.00,0.10,"1.11",,"GHGP http://www.ghgprotocol.org/calculation-tools/all-tools"
"Orimulsion","Commercial","-1.0","27.500",77000.00,10.00,0.60,"1.05",,"GHGP http://www.ghgprotocol.org/calculation-tools/all-tools"
"Crude oil","Forestry","800.0","42.300",73300.00,10.00,0.60,"1.05",,"GHGP http://www.ghgprotocol.org/calculation-tools/all-tools"
"Municipal waste (Non biomass fraction)","Residential","-1.0","10.000",91700.00,300.00,4.00,"1.05",,"GHGP http://www.ghgprotocol.org/calculation-tools/all-tools"
"Coal tar","Fisheries","-1.0","28.000",80700.00,300.00,1.50,"1.05",,"GHGP http://www.ghgprotocol.org/calculation-tools/all-tools"
"Jet gasoline","Fisheries","-1.0","44.300",70000.00,10.00,0.60,"1.05",,"GHGP http://www.ghgprotocol.org/calculation-tools/all-tools"
"Gas works gas","Commercial","-1.0","38.700",44400.00,5.00,0.10,"1.11",,"GHGP http://www.ghgprotocol.org/calculation-tools/all-tools"
"Coke oven gas","Energy","-1.0","38.700",44400.00,1.00,0.10,"1.11",,"GHGP http://www.ghgprotocol.org/calculation-tools/all-tools"
"Residual fuel oil","Residential","940.0","40.400",77400.00,10.00,0.60,"1.05",,"GHGP http://www.ghgprotocol.org/calculation-tools/all-tools"
"Orimulsion","Fisheries","-1.0","27.500",77000.00,10.00,0.60,"1.05",,"GHGP http://www.ghgprotocol.org/calculation-tools/all-tools"
"Lubricants","Manufacturing","1000.0","40.200",73300.00,3.00,0.60,"1.05",,"GHGP http://www.ghgprotocol.org/calculation-tools/all-tools"
"Naphtha","Institutional","770.0","44.500",73300.00,10.00,0.60,"1.05",,"GHGP http://www.ghgprotocol.org/calculation-tools/all-tools"
"Gas works gas","Energy","-1.0","38.700",44400.00,1.00,0.10,"1.11",,"GHGP http://www.ghgprotocol.org/calculation-tools/all-tools"
"Jet gasoline","Commercial","-1.0","44.300",70000.00,10.00,0.60,"1.05",,"GHGP http://www.ghgprotocol.org/calculation-tools/all-tools"
"Lignite","Manufacturing","-1.0","11.900",101000.00,10.00,1.50,"1.05",,"GHGP http://www.ghgprotocol.org/calculation-tools/all-tools"
"Landfill gas","Fisheries","0.9","50.400",54600.00,5.00,0.10,"1.11",,"GHGP http://www.ghgprotocol.org/calculation-tools/all-tools"
"Oil shale and tar sands","Fisheries","-1.0","8.900",107000.00,300.00,1.50,"1.05",,"GHGP http://www.ghgprotocol.org/calculation-tools/all-tools"
"Other biogas","Agriculture","-1.0","50.400",54600.00,5.00,0.10,"1.11",,"GHGP http://www.ghgprotocol.org/calculation-tools/all-tools"
"Coke oven gas","Commercial","-1.0","38.700",44400.00,5.00,0.10,"1.11",,"GHGP http://www.ghgprotocol.org/calculation-tools/all-tools"
"Oxygen steel furnace gas","Manufacturing","-1.0","7.060",182000.00,1.00,0.10,"1.11",,"GHGP http://www.ghgprotocol.org/calculation-tools/all-tools"
"Petroleum coke","Construction","-1.0","32.500",97500.00,3.00,0.60,"1.05",,"GHGP http://www.ghgprotocol.org/calculation-tools/all-tools"
"Coke oven gas","Manufacturing","-1.0","38.700",44400.00,1.00,0.10,"1.11",,"GHGP http://www.ghgprotocol.org/calculation-tools/all-tools"
"Propane","General","508.0","47.050",63596.00,0.00,0.00,"1.05",,"GHGP http://www.ghgprotocol.org/calculation-tools/all-tools"
"Coke oven coke","Fisheries","-1.0","28.200",107000.00,300.00,1.50,"1.05",,"GHGP http://www.ghgprotocol.org/calculation-tools/all-tools"
"Ethane","Manufacturing","1.3","46.400",61600.00,1.00,0.10,"1.11",,"GHGP http://www.ghgprotocol.org/calculation-tools/all-tools"
"Coal tar","Agriculture","-1.0","28.000",80700.00,300.00,1.50,"1.05",,"GHGP http://www.ghgprotocol.org/calculation-tools/all-tools"
"Waste oils","Commercial","-1.0","40.200",73300.00,300.00,4.00,"1.05",,"GHGP http://www.ghgprotocol.org/calculation-tools/all-tools"
"Municipal wastes (Biomass fraction)","Commercial","-1.0","11.600",100000.00,300.00,4.00,"1.05",,"GHGP http://www.ghgprotocol.org/calculation-tools/all-tools"
"Jet kerosene","Commercial","790.0","44.100",71500.00,10.00,0.60,"1.05",,"GHGP http://www.ghgprotocol.org/calculation-tools/all-tools"
"Municipal waste (Non biomass fraction)","Manufacturing","-1.0","10.000",91700.00,30.00,4.00,"1.05",,"GHGP http://www.ghgprotocol.org/calculation-tools/all-tools"
"Sub bituminous coal","Commercial","-1.0","18.900",96100.00,10.00,1.50,"1.05",,"GHGP http://www.ghgprotocol.org/calculation-tools/all-tools"
"Municipal waste (Non biomass fraction)","Construction","-1.0","10.000",91700.00,30.00,4.00,"1.05",,"GHGP http://www.ghgprotocol.org/calculation-tools/all-tools"
"Shale oil","Commercial","1000.0","38.100",73300.00,10.00,0.60,"1.05",,"GHGP http://www.ghgprotocol.org/calculation-tools/all-tools"
"Oxygen steel furnace gas","Construction","-1.0","7.060",182000.00,1.00,0.10,"1.11",,"GHGP http://www.ghgprotocol.org/calculation-tools/all-tools"
"Lignite","Agriculture","-1.0","11.900",101000.00,300.00,1.50,"1.05",,"GHGP http://www.ghgprotocol.org/calculation-tools/all-tools"
"Other kerosene","Agriculture","800.0","43.800",71900.00,10.00,0.60,"1.05",,"GHGP http://www.ghgprotocol.org/calculation-tools/all-tools"
"Shale oil","Construction","1000.0","38.100",73300.00,3.00,0.60,"1.05",,"GHGP http://www.ghgprotocol.org/calculation-tools/all-tools"
"Sludge gas","Construction","-1.0","50.400",54600.00,1.00,0.10,"1.11",,"GHGP http://www.ghgprotocol.org/calculation-tools/all-tools"
"Ethane","Energy","1.3","46.400",61600.00,1.00,0.10,"1.11",,"GHGP http://www.ghgprotocol.org/calculation-tools/all-tools"
"Other liquid biofuels","Construction","-1.0","27.400",79600.00,3.00,0.60,"1.05",,"GHGP http://www.ghgprotocol.org/calculation-tools/all-tools"
"Other liquid biofuels","Energy","-1.0","27.400",79600.00,3.00,0.60,"1.05",,"GHGP http://www.ghgprotocol.org/calculation-tools/all-tools"
"Municipal waste (Non biomass fraction)","Fisheries","-1.0","10.000",91700.00,300.00,4.00,"1.05",,"GHGP http://www.ghgprotocol.org/calculation-tools/all-tools"
"Other biogas","Commercial","-1.0","50.400",54600.00,5.00,0.10,"1.11",,"GHGP http://www.ghgprotocol.org/calculation-tools/all-tools"
"Brown coal briquettes","Construction","-1.0","20.700",97500.00,10.00,1.50,"1.05",,"GHGP http://www.ghgprotocol.org/calculation-tools/all-tools"
"Industrial wastes","Forestry","-1.0","-1.000",143000.00,300.00,4.00,"1.05",,"GHGP http://www.ghgprotocol.org/calculation-tools/all-tools"
"Crude oil","Residential","800.0","42.300",73300.00,10.00,0.60,"1.05",,"GHGP http://www.ghgprotocol.org/calculation-tools/all-tools"
"Sub bituminous coal","Overfeed stoker boilers","-1.0","18.900",96100.00,1.00,0.70,"1.05",,"GHGP http://www.ghgprotocol.org/calculation-tools/all-tools"
"Sub bituminous coal","Fisheries","-1.0","18.900",96100.00,300.00,1.50,"1.05",,"GHGP http://www.ghgprotocol.org/calculation-tools/all-tools"
"Landfill gas","Residential","0.9","50.400",54600.00,5.00,0.10,"1.11",,"GHGP http://www.ghgprotocol.org/calculation-tools/all-tools"
"Bitumen","Construction","-1.0","40.200",80700.00,3.00,0.60,"1.05",,"GHGP http://www.ghgprotocol.org/calculation-tools/all-tools"
"Other bituminous coal","Spreader stokers","-1.0","25.800",94600.00,1.00,0.70,"1.05",,"GHGP http://www.ghgprotocol.org/calculation-tools/all-tools"
"Natural Gas Liquids","Forestry","-1.0","44.200",64200.00,10.00,0.60,"1.05",,"GHGP http://www.ghgprotocol.org/calculation-tools/all-tools"
"Gas/Diesel oil","Energy","840.0","43.000",74100.00,3.00,0.60,"1.05",,"GHGP http://www.ghgprotocol.org/calculation-tools/all-tools"
"Wood or Wood waste","Construction","-1.0","15.600",112000.00,30.00,4.00,"1.05",,"GHGP http://www.ghgprotocol.org/calculation-tools/all-tools"
"Petroleum coke","Commercial","-1.0","32.500",97500.00,10.00,0.60,"1.05",,"GHGP http://www.ghgprotocol.org/calculation-tools/all-tools"
"Lignite coke","Energy","-1.0","28.200",107000.00,1.00,1.50,"1.05",,"GHGP http://www.ghgprotocol.org/calculation-tools/all-tools"
"Landfill gas","Commercial","0.9","50.400",54600.00,5.00,0.10,"1.11",,"GHGP http://www.ghgprotocol.org/calculation-tools/all-tools"
"Industrial wastes","Manufacturing","-1.0","-1.000",143000.00,30.00,4.00,"1.05",,"GHGP http://www.ghgprotocol.org/calculation-tools/all-tools"
"Naphtha","Manufacturing","770.0","44.500",73300.00,3.00,0.60,"1.05",,"GHGP http://www.ghgprotocol.org/calculation-tools/all-tools"
"Anthracite","Manufacturing","-1.0","26.700",98300.00,10.00,1.50,"1.05",,"GHGP http://www.ghgprotocol.org/calculation-tools/all-tools"
"Refinery gas","Commercial","-1.0","49.500",57600.00,5.00,0.10,"1.11",,"GHGP http://www.ghgprotocol.org/calculation-tools/all-tools"
"Other bituminous coal","Underfeed stoker boilers","-1.0","25.800",94600.00,14.00,0.70,"1.05",,"GHGP http://www.ghgprotocol.org/calculation-tools/all-tools"
"Other biogas","Construction","-1.0","50.400",54600.00,1.00,0.10,"1.11",,"GHGP http://www.ghgprotocol.org/calculation-tools/all-tools"
"Ethane","Construction","1.3","46.400",61600.00,1.00,0.10,"1.11",,"GHGP http://www.ghgprotocol.org/calculation-tools/all-tools"
"Industrial wastes","Construction","-1.0","-1.000",143000.00,30.00,4.00,"1.05",,"GHGP http://www.ghgprotocol.org/calculation-tools/all-tools"
"Natural gas","Manufacturing","0.7","48.000",56100.00,1.00,0.10,"1.11",,"GHGP http://www.ghgprotocol.org/calculation-tools/all-tools"
"Tires and tire derived fuel","General","-1.0","-1.000",85800.00,0.00,0.00,"1.05",,"GHGP http://www.ghgprotocol.org/calculation-tools/all-tools"
"Bitumen","Residential","-1.0","40.200",80700.00,10.00,0.60,"1.05",,"GHGP http://www.ghgprotocol.org/calculation-tools/all-tools"
"Shale oil","Institutional","1000.0","38.100",73300.00,10.00,0.60,"1.05",,"GHGP http://www.ghgprotocol.org/calculation-tools/all-tools"
"Refinery gas","Residential","-1.0","49.500",57600.00,5.00,0.10,"1.11",,"GHGP http://www.ghgprotocol.org/calculation-tools/all-tools"
"Gas/Diesel oil","Institutional","840.0","43.000",74100.00,10.00,0.60,"1.05",,"GHGP http://www.ghgprotocol.org/calculation-tools/all-tools"
"Coking coal","Residential","-1.0","28.200",94600.00,300.00,1.50,"1.05",,"GHGP http://www.ghgprotocol.org/calculation-tools/all-tools"
"Biogasoline","Energy","-1.0","27.000",70800.00,3.00,0.60,"1.05",,"GHGP http://www.ghgprotocol.org/calculation-tools/all-tools"
"Oil shale and tar sands","Residential","-1.0","8.900",107000.00,300.00,1.50,"1.05",,"GHGP http://www.ghgprotocol.org/calculation-tools/all-tools"
"Coking coal","Forestry","-1.0","28.200",94600.00,300.00,1.50,"1.05",,"GHGP http://www.ghgprotocol.org/calculation-tools/all-tools"
"Sub bituminous coal","Manufacturing","-1.0","18.900",96100.00,10.00,1.50,"1.05",,"GHGP http://www.ghgprotocol.org/calculation-tools/all-tools"
"Patent fuel","Manufacturing","-1.0","20.700",97500.00,10.00,1.50,"1.05",,"GHGP http://www.ghgprotocol.org/calculation-tools/all-tools"
"Aviation gasoline","Residential","710.0","44.300",70000.00,10.00,0.60,"1.05",,"GHGP http://www.ghgprotocol.org/calculation-tools/all-tools"
"Blast furnace gas","Commercial","-1.0","2.470",260000.00,5.00,0.10,"1.11",,"GHGP http://www.ghgprotocol.org/calculation-tools/all-tools"
"Orimulsion","Forestry","-1.0","27.500",77000.00,10.00,0.60,"1.05",,"GHGP http://www.ghgprotocol.org/calculation-tools/all-tools"
"Gas coke","Commercial","-1.0","28.200",107000.00,5.00,0.10,"1.05",,"GHGP http://www.ghgprotocol.org/calculation-tools/all-tools"
"Municipal wastes (Biomass fraction)","Energy","-1.0","11.600",100000.00,30.00,4.00,"1.05",,"GHGP http://www.ghgprotocol.org/calculation-tools/all-tools"
"Municipal waste (Non biomass fraction)","Energy","-1.0","10.000",91700.00,30.00,4.00,"1.05",,"GHGP http://www.ghgprotocol.org/calculation-tools/all-tools"
"Shale oil","Agriculture","1000.0","38.100",73300.00,10.00,0.60,"1.05",,"GHGP http://www.ghgprotocol.org/calculation-tools/all-tools"
"Anthracite","Fisheries","-1.0","26.700",98300.00,300.00,1.50,"1.05",,"GHGP http://www.ghgprotocol.org/calculation-tools/all-tools"
"Jet gasoline","Agriculture","-1.0","44.300",70000.00,10.00,0.60,"1.05",,"GHGP http://www.ghgprotocol.org/calculation-tools/all-tools"
"Jet kerosene","Institutional","790.0","44.100",71500.00,10.00,0.60,"1.05",,"GHGP http://www.ghgprotocol.org/calculation-tools/all-tools"
"Gas/Diesel oil","Construction","840.0","43.000",74100.00,3.00,0.60,"1.05",,"GHGP http://www.ghgprotocol.org/calculation-tools/all-tools"
"Municipal waste (Non biomass fraction)","Forestry","-1.0","10.000",91700.00,300.00,4.00,"1.05",,"GHGP http://www.ghgprotocol.org/calculation-tools/all-tools"
"Lubricants","Energy","1000.0","40.200",73300.00,3.00,0.60,"1.05",,"GHGP http://www.ghgprotocol.org/calculation-tools/all-tools"
"Jet gasoline","Energy","-1.0","44.300",70000.00,3.00,0.60,"1.05",,"GHGP http://www.ghgprotocol.org/calculation-tools/all-tools"
"Blast furnace gas","Agriculture","-1.0","2.470",260000.00,5.00,0.10,"1.11",,"GHGP http://www.ghgprotocol.org/calculation-tools/all-tools"
"Other primary solid biomass fuels","Forestry","-1.0","11.600",100000.00,300.00,4.00,"1.05",,"GHGP http://www.ghgprotocol.org/calculation-tools/all-tools"
"Naphtha","Commercial","770.0","44.500",73300.00,10.00,0.60,"1.05",,"GHGP http://www.ghgprotocol.org/calculation-tools/all-tools"
"Distillate fuel oil No.1","General","845.0","43.910",72322.00,0.00,0.00,"1.05",,"GHGP http://www.ghgprotocol.org/calculation-tools/all-tools"
"Sub bituminous coal","Pulverised dry bottom, tangentially fired","-1.0","18.900",96100.00,0.70,1.40,"1.05",,"GHGP http://www.ghgprotocol.org/calculation-tools/all-tools"
"Refinery gas","Construction","-1.0","49.500",57600.00,1.00,0.10,"1.11",,"GHGP http://www.ghgprotocol.org/calculation-tools/all-tools"
"Gas/Diesel oil","Manufacturing","840.0","43.000",74100.00,3.00,0.60,"1.05",,"GHGP http://www.ghgprotocol.org/calculation-tools/all-tools"
"Aviation gasoline","Forestry","710.0","44.300",70000.00,10.00,0.60,"1.05",,"GHGP http://www.ghgprotocol.org/calculation-tools/all-tools"
"White Spirit/SBP","Commercial","-1.0","40.200",73300.00,10.00,0.60,"1.05",,"GHGP http://www.ghgprotocol.org/calculation-tools/all-tools"
"Refinery feedstocks","Institutional","-1.0","43.000",73300.00,10.00,0.60,"1.05",,"GHGP http://www.ghgprotocol.org/calculation-tools/all-tools"
"Jet kerosene","Residential","790.0","44.100",71500.00,10.00,0.60,"1.05",,"GHGP http://www.ghgprotocol.org/calculation-tools/all-tools"
"Paraffin waxes","Construction","-1.0","40.200",73300.00,3.00,0.60,"1.05",,"GHGP http://www.ghgprotocol.org/calculation-tools/all-tools"
"Shale oil","Manufacturing","1000.0","38.100",73300.00,3.00,0.60,"1.05",,"GHGP http://www.ghgprotocol.org/calculation-tools/all-tools"
"Orimulsion","Manufacturing","-1.0","27.500",77000.00,3.00,0.60,"1.05",,"GHGP http://www.ghgprotocol.org/calculation-tools/all-tools"
"Orimulsion","Construction","-1.0","27.500",77000.00,3.00,0.60,"1.05",,"GHGP http://www.ghgprotocol.org/calculation-tools/all-tools"
"Gas coke","Institutional","-1.0","28.200",107000.00,5.00,0.10,"1.05",,"GHGP http://www.ghgprotocol.org/calculation-tools/all-tools"
"Lubricants","Agriculture","1000.0","40.200",73300.00,10.00,0.60,"1.05",,"GHGP http://www.ghgprotocol.org/calculation-tools/all-tools"
"Waste oils","Manufacturing","-1.0","40.200",73300.00,30.00,4.00,"1.05",,"GHGP http://www.ghgprotocol.org/calculation-tools/all-tools"
"Charcoal","Institutional","-1.0","29.500",112000.00,200.00,1.00,"1.05",,"GHGP http://www.ghgprotocol.org/calculation-tools/all-tools"
"Sludge gas","Institutional","-1.0","50.400",54600.00,5.00,0.10,"1.11",,"GHGP http://www.ghgprotocol.org/calculation-tools/all-tools"
"Gas works gas","Institutional","-1.0","38.700",44400.00,5.00,0.10,"1.11",,"GHGP http://www.ghgprotocol.org/calculation-tools/all-tools"
"Coke oven gas","Agriculture","-1.0","38.700",44400.00,5.00,0.10,"1.11",,"GHGP http://www.ghgprotocol.org/calculation-tools/all-tools"
"Gas/Diesel oil","Forestry","840.0","43.000",74100.00,10.00,0.60,"1.05",,"GHGP http://www.ghgprotocol.org/calculation-tools/all-tools"
"Petroleum coke","Fisheries","-1.0","32.500",97500.00,10.00,0.60,"1.05",,"GHGP http://www.ghgprotocol.org/calculation-tools/all-tools"
"Gas coke","Agriculture","-1.0","28.200",107000.00,5.00,0.10,"1.05",,"GHGP http://www.ghgprotocol.org/calculation-tools/all-tools"
"Natural gas","Gas fired turbines >3MW","0.7","48.000",56100.00,4.00,1.00,"1.11",,"GHGP http://www.ghgprotocol.org/calculation-tools/all-tools"
"Petroleum coke","Forestry","-1.0","32.500",97500.00,10.00,0.60,"1.05",,"GHGP http://www.ghgprotocol.org/calculation-tools/all-tools"
"White Spirit/SBP","Agriculture","-1.0","40.200",73300.00,10.00,0.60,"1.05",,"GHGP http://www.ghgprotocol.org/calculation-tools/all-tools"
"Anthracite","Residential","-1.0","26.700",98300.00,300.00,1.50,"1.05",,"GHGP http://www.ghgprotocol.org/calculation-tools/all-tools"
"Oxygen steel furnace gas","Commercial","-1.0","7.060",182000.00,5.00,0.10,"1.11",,"GHGP http://www.ghgprotocol.org/calculation-tools/all-tools"
"White Spirit/SBP","Construction","-1.0","40.200",73300.00,3.00,0.60,"1.05",,"GHGP http://www.ghgprotocol.org/calculation-tools/all-tools"
"Patent fuel","Residential","-1.0","20.700",97500.00,300.00,1.50,"1.05",,"GHGP http://www.ghgprotocol.org/calculation-tools/all-tools"
"Liquified Petroleum Gases","Institutional","540.0","47.300",63100.00,5.00,0.10,"1.11",,"GHGP http://www.ghgprotocol.org/calculation-tools/all-tools"
"Blast furnace gas","Construction","-1.0","2.470",260000.00,1.00,0.10,"1.11",,"GHGP http://www.ghgprotocol.org/calculation-tools/all-tools"
"Other liquid biofuels","Forestry","-1.0","27.400",79600.00,10.00,0.60,"1.05",,"GHGP http://www.ghgprotocol.org/calculation-tools/all-tools"
"Sub bituminous coal","Pulverised wet bottom","-1.0","18.900",96100.00,0.90,1.40,"1.05",,"GHGP http://www.ghgprotocol.org/calculation-tools/all-tools"
"Sulphite lyes (Black liqour)","Manufacturing","-1.0","11.800",95300.00,3.00,2.00,"1.05",,"GHGP http://www.ghgprotocol.org/calculation-tools/all-tools"
"Liquified Petroleum Gases","Agriculture","540.0","47.300",63100.00,5.00,0.10,"1.11",,"GHGP http://www.ghgprotocol.org/calculation-tools/all-tools"
"Crude oil","Institutional","800.0","42.300",73300.00,10.00,0.60,"1.05",,"GHGP http://www.ghgprotocol.org/calculation-tools/all-tools"
"Aviation gasoline","Commercial","710.0","44.300",70000.00,10.00,0.60,"1.05",,"GHGP http://www.ghgprotocol.org/calculation-tools/all-tools"
"Other bituminous coal","Fluidised bubbling bed combustor","-1.0","25.800",94600.00,1.00,61.00,"1.05",,"GHGP http://www.ghgprotocol.org/calculation-tools/all-tools"
"Peat","Forestry","-1.0","9.760",106000.00,300.00,1.40,"1.05",,"GHGP http://www.ghgprotocol.org/calculation-tools/all-tools"
"Wood or Wood waste","Agriculture","-1.0","15.600",112000.00,300.00,4.00,"1.05",,"GHGP http://www.ghgprotocol.org/calculation-tools/all-tools"
"Refinery feedstocks","Residential","-1.0","43.000",73300.00,10.00,0.60,"1.05",,"GHGP http://www.ghgprotocol.org/calculation-tools/all-tools"
"Other petroleum products","Institutional","-1.0","40.200",73300.00,10.00,0.60,"1.05",,"GHGP http://www.ghgprotocol.org/calculation-tools/all-tools"
"Peat","Residential","-1.0","9.760",106000.00,300.00,1.40,"1.05",,"GHGP http://www.ghgprotocol.org/calculation-tools/all-tools"
"Oxygen steel furnace gas","Agriculture","-1.0","7.060",182000.00,5.00,0.10,"1.11",,"GHGP http://www.ghgprotocol.org/calculation-tools/all-tools"
"Bitumen","Manufacturing","-1.0","40.200",80700.00,3.00,0.60,"1.05",,"GHGP http://www.ghgprotocol.org/calculation-tools/all-tools"
"Sludge gas","Forestry","-1.0","50.400",54600.00,5.00,0.10,"1.11",,"GHGP http://www.ghgprotocol.org/calculation-tools/all-tools"
"Ethane","Agriculture","1.3","46.400",61600.00,5.00,0.10,"1.11",,"GHGP http://www.ghgprotocol.org/calculation-tools/all-tools"
"Refinery feedstocks","Energy","-1.0","43.000",73300.00,3.00,0.60,"1.05",,"GHGP http://www.ghgprotocol.org/calculation-tools/all-tools"
"Petroleum coke","Residential","-1.0","32.500",97500.00,10.00,0.60,"1.05",,"GHGP http://www.ghgprotocol.org/calculation-tools/all-tools"
"Sulphite lyes (Black liqour)","Residential","-1.0","11.800",95300.00,3.00,2.00,"1.05",,"GHGP http://www.ghgprotocol.org/calculation-tools/all-tools"
"Refinery feedstocks","Manufacturing","-1.0","43.000",73300.00,3.00,0.60,"1.05",,"GHGP http://www.ghgprotocol.org/calculation-tools/all-tools"
"Natural gas","Reciprocating engine, 4-stroke lean burn","0.7","48.000",56100.00,597.00,0.10,"1.11",,"GHGP http://www.ghgprotocol.org/calculation-tools/all-tools"
"Liquified Petroleum Gases","Boilers","540.0","47.300",63100.00,0.90,4.00,"1.11",,"GHGP http://www.ghgprotocol.org/calculation-tools/all-tools"
"Oxygen steel furnace gas","Forestry","-1.0","7.060",182000.00,5.00,0.10,"1.11",,"GHGP http://www.ghgprotocol.org/calculation-tools/all-tools"
"Biodiesels","Institutional","-1.0","27.000",70800.00,10.00,0.60,"1.05",,"GHGP http://www.ghgprotocol.org/calculation-tools/all-tools"
"Sludge gas","Residential","-1.0","50.400",54600.00,5.00,0.10,"1.11",,"GHGP http://www.ghgprotocol.org/calculation-tools/all-tools"
"Natural gas","Lime kilns","0.7","48.000",56100.00,2.70,0.00,"1.11",,"GHGP http://www.ghgprotocol.org/calculation-tools/all-tools"
"Sulphite lyes (Black liqour)","Fisheries","-1.0","11.800",95300.00,3.00,2.00,"1.05",,"GHGP http://www.ghgprotocol.org/calculation-tools/all-tools"
"Sub bituminous coal","Construction","-1.0","18.900",96100.00,10.00,1.50,"1.05",,"GHGP http://www.ghgprotocol.org/calculation-tools/all-tools"
"Sub bituminous coal","Residential","-1.0","18.900",96100.00,300.00,1.50,"1.05",,"GHGP http://www.ghgprotocol.org/calculation-tools/all-tools"
"Lignite coke","Institutional","-1.0","28.200",107000.00,10.00,1.50,"1.05",,"GHGP http://www.ghgprotocol.org/calculation-tools/all-tools"
"Motor gasoline","Institutional","740.0","44.300",69300.00,10.00,0.60,"1.05",,"GHGP http://www.ghgprotocol.org/calculation-tools/all-tools"
"Residual fuel oil","Other","940.0","40.400",77400.00,3.00,0.30,"1.05",,"GHGP http://www.ghgprotocol.org/calculation-tools/all-tools"
"Natural gas","Calciners","0.7","48.000",56100.00,2.70,0.10,"1.11",,"GHGP http://www.ghgprotocol.org/calculation-tools/all-tools"
"Shale oil","Forestry","1000.0","38.100",73300.00,10.00,0.60,"1.05",,"GHGP http://www.ghgprotocol.org/calculation-tools/all-tools"
"Gas works gas","Manufacturing","-1.0","38.700",44400.00,1.00,0.10,"1.11",,"GHGP http://www.ghgprotocol.org/calculation-tools/all-tools"
"Gas works gas","Forestry","-1.0","38.700",44400.00,5.00,0.10,"1.11",,"GHGP http://www.ghgprotocol.org/calculation-tools/all-tools"
"Other kerosene","Forestry","800.0","43.800",71900.00,10.00,0.60,"1.05",,"GHGP http://www.ghgprotocol.org/calculation-tools/all-tools"
"Brown coal briquettes","Agriculture","-1.0","20.700",97500.00,300.00,1.50,"1.05",,"GHGP http://www.ghgprotocol.org/calculation-tools/all-tools"
"Coke oven coke","Energy","-1.0","28.200",107000.00,1.00,1.50,"1.05",,"GHGP http://www.ghgprotocol.org/calculation-tools/all-tools"
"Other bituminous coal","Agriculture","-1.0","25.800",94600.00,300.00,1.50,"1.05",,"GHGP http://www.ghgprotocol.org/calculation-tools/all-tools"
"Liquified Petroleum Gases","Manufacturing","540.0","47.300",63100.00,1.00,0.10,"1.11",,"GHGP http://www.ghgprotocol.org/calculation-tools/all-tools"
"Ethane","Forestry","1.3","46.400",61600.00,5.00,0.10,"1.11",,"GHGP http://www.ghgprotocol.org/calculation-tools/all-tools"
"Blast furnace gas","Institutional","-1.0","2.470",260000.00,5.00,0.10,"1.11",,"GHGP http://www.ghgprotocol.org/calculation-tools/all-tools"
"Shale oil","Energy","1000.0","38.100",73300.00,3.00,0.60,"1.05",,"GHGP http://www.ghgprotocol.org/calculation-tools/all-tools"
"Other kerosene","Fisheries","800.0","43.800",71900.00,10.00,0.60,"1.05",,"GHGP http://www.ghgprotocol.org/calculation-tools/all-tools"
"Paraffin waxes","Fisheries","-1.0","40.200",73300.00,10.00,0.60,"1.05",,"GHGP http://www.ghgprotocol.org/calculation-tools/all-tools"
"Motor gasoline","Commercial","740.0","44.300",69300.00,10.00,0.60,"1.05",,"GHGP http://www.ghgprotocol.org/calculation-tools/all-tools"
"Crude oil","Manufacturing","800.0","42.300",73300.00,3.00,0.60,"1.05",,"GHGP http://www.ghgprotocol.org/calculation-tools/all-tools"
"Gas works gas","Construction","-1.0","38.700",44400.00,1.00,0.10,"1.11",,"GHGP http://www.ghgprotocol.org/calculation-tools/all-tools"
"Jet gasoline","Construction","-1.0","44.300",70000.00,3.00,0.60,"1.05",,"GHGP http://www.ghgprotocol.org/calculation-tools/all-tools"
"Motor gasoline","Agriculture","740.0","44.300",69300.00,10.00,0.60,"1.05",,"GHGP http://www.ghgprotocol.org/calculation-tools/all-tools"
"Natural gas","Energy","0.7","48.000",56100.00,1.00,0.10,"1.11",,"GHGP http://www.ghgprotocol.org/calculation-tools/all-tools"
"White Spirit/SBP","Institutional","-1.0","40.200",73300.00,10.00,0.60,"1.05",,"GHGP http://www.ghgprotocol.org/calculation-tools/all-tools"
"Other primary solid biomass fuels","Fisheries","-1.0","11.600",100000.00,300.00,4.00,"1.05",,"GHGP http://www.ghgprotocol.org/calculation-tools/all-tools"
"Blast furnace gas","Forestry","-1.0","2.470",260000.00,5.00,0.10,"1.11",,"GHGP http://www.ghgprotocol.org/calculation-tools/all-tools"
"Wood or Wood waste","Institutional","-1.0","15.600",112000.00,300.00,4.00,"1.05",,"GHGP http://www.ghgprotocol.org/calculation-tools/all-tools"
"Other petroleum products","Commercial","-1.0","40.200",73300.00,10.00,0.60,"1.05",,"GHGP http://www.ghgprotocol.org/calculation-tools/all-tools"
"Paraffin waxes","Agriculture","-1.0","40.200",73300.00,10.00,0.60,"1.05",,"GHGP http://www.ghgprotocol.org/calculation-tools/all-tools"
"Natural gas","Reciprocating engines, 4-stroke rich burn","0.7","48.000",56100.00,110.00,0.10,"1.11",,"GHGP http://www.ghgprotocol.org/calculation-tools/all-tools"
"Lubricants","Forestry","1000.0","40.200",73300.00,10.00,0.60,"1.05",,"GHGP http://www.ghgprotocol.org/calculation-tools/all-tools"
"Other petroleum products","Manufacturing","-1.0","40.200",73300.00,3.00,0.60,"1.05",,"GHGP http://www.ghgprotocol.org/calculation-tools/all-tools"
"Coke oven gas","Construction","-1.0","38.700",44400.00,1.00,0.10,"1.11",,"GHGP http://www.ghgprotocol.org/calculation-tools/all-tools"
"Ethane","Commercial","1.3","46.400",61600.00,5.00,0.10,"1.11",,"GHGP http://www.ghgprotocol.org/calculation-tools/all-tools"
"Other petroleum products","Agriculture","-1.0","40.200",73300.00,10.00,0.60,"1.05",,"GHGP http://www.ghgprotocol.org/calculation-tools/all-tools"
"Municipal wastes (Biomass fraction)","Construction","-1.0","11.600",100000.00,30.00,4.00,"1.05",,"GHGP http://www.ghgprotocol.org/calculation-tools/all-tools"
"Residual fuel oil","Construction","940.0","40.400",77400.00,3.00,0.60,"1.05",,"GHGP http://www.ghgprotocol.org/calculation-tools/all-tools"
"Other liquid biofuels","Fisheries","-1.0","27.400",79600.00,10.00,0.60,"1.05",,"GHGP http://www.ghgprotocol.org/calculation-tools/all-tools"
"Biogasoline","Agriculture","-1.0","27.000",70800.00,10.00,0.60,"1.05",,"GHGP http://www.ghgprotocol.org/calculation-tools/all-tools"
"Crude oil","Energy","800.0","42.300",73300.00,3.00,0.60,"1.05",,"GHGP http://www.ghgprotocol.org/calculation-tools/all-tools"
"Lignite","Residential","-1.0","11.900",101000.00,300.00,1.50,"1.05",,"GHGP http://www.ghgprotocol.org/calculation-tools/all-tools"
"Gas/Diesel oil","Lime kilns","840.0","43.000",74100.00,2.70,0.00,"1.05",,"GHGP http://www.ghgprotocol.org/calculation-tools/all-tools"
"Crude oil","Fisheries","800.0","42.300",73300.00,10.00,0.60,"1.05",,"GHGP http://www.ghgprotocol.org/calculation-tools/all-tools"
"Coal tar","Energy","-1.0","28.000",80700.00,1.00,1.50,"1.05",,"GHGP http://www.ghgprotocol.org/calculation-tools/all-tools"
"Biodiesels","Manufacturing","-1.0","27.000",70800.00,3.00,0.60,"1.05",,"GHGP http://www.ghgprotocol.org/calculation-tools/all-tools"
"Paraffin waxes","Energy","-1.0","40.200",73300.00,3.00,0.60,"1.05",,"GHGP http://www.ghgprotocol.org/calculation-tools/all-tools"
"Charcoal","Forestry","-1.0","29.500",112000.00,200.00,1.00,"1.05",,"GHGP http://www.ghgprotocol.org/calculation-tools/all-tools"
"Paraffin waxes","Forestry","-1.0","40.200",73300.00,10.00,0.60,"1.05",,"GHGP http://www.ghgprotocol.org/calculation-tools/all-tools"
"Lignite coke","Manufacturing","-1.0","28.200",107000.00,10.00,1.50,"1.05",,"GHGP http://www.ghgprotocol.org/calculation-tools/all-tools"
"Motor gasoline","Manufacturing","740.0","44.300",69300.00,3.00,0.60,"1.05",,"GHGP http://www.ghgprotocol.org/calculation-tools/all-tools"
"Coking coal","Institutional","-1.0","28.200",94600.00,10.00,1.50,"1.05",,"GHGP http://www.ghgprotocol.org/calculation-tools/all-tools"
"Biogasoline","Institutional","-1.0","27.000",70800.00,10.00,0.60,"1.05",,"GHGP http://www.ghgprotocol.org/calculation-tools/all-tools"
"Landfill gas","Manufacturing","0.9","50.400",54600.00,1.00,0.10,"1.11",,"GHGP http://www.ghgprotocol.org/calculation-tools/all-tools"
"Other bituminous coal","Commercial","-1.0","25.800",94600.00,10.00,1.50,"1.05",,"GHGP http://www.ghgprotocol.org/calculation-tools/all-tools"
"Coke oven coke","Residential","-1.0","28.200",107000.00,300.00,1.50,"1.05",,"GHGP http://www.ghgprotocol.org/calculation-tools/all-tools"
"Sludge gas","Commercial","-1.0","50.400",54600.00,5.00,0.10,"1.11",,"GHGP http://www.ghgprotocol.org/calculation-tools/all-tools"
"Coal tar","Institutional","-1.0","28.000",80700.00,10.00,1.50,"1.05",,"GHGP http://www.ghgprotocol.org/calculation-tools/all-tools"
"Other petroleum products","Construction","-1.0","40.200",73300.00,3.00,0.60,"1.05",,"GHGP http://www.ghgprotocol.org/calculation-tools/all-tools"
"Biogasoline","Fisheries","-1.0","27.000",70800.00,10.00,0.60,"1.05",,"GHGP http://www.ghgprotocol.org/calculation-tools/all-tools"
"Natural Gas Liquids","Fisheries","-1.0","44.200",64200.00,10.00,0.60,"1.05",,"GHGP http://www.ghgprotocol.org/calculation-tools/all-tools"
"Blast furnace gas","Manufacturing","-1.0","2.470",260000.00,1.00,0.10,"1.11",,"GHGP http://www.ghgprotocol.org/calculation-tools/all-tools"
"Lignite","Energy","-1.0","11.900",101000.00,1.00,1.50,"1.05",,"GHGP http://www.ghgprotocol.org/calculation-tools/all-tools"
"Coal tar","Residential","-1.0","28.000",80700.00,300.00,1.50,"1.05",,"GHGP http://www.ghgprotocol.org/calculation-tools/all-tools"
"Gas/Diesel oil","Calciners","840.0","43.000",74100.00,2.70,0.60,"1.05",,"GHGP http://www.ghgprotocol.org/calculation-tools/all-tools"
"Charcoal","Manufacturing","-1.0","29.500",112000.00,200.00,4.00,"1.05",,"GHGP http://www.ghgprotocol.org/calculation-tools/all-tools"
"Residual fuel oil","Institutional","940.0","40.400",77400.00,10.00,0.60,"1.05",,"GHGP http://www.ghgprotocol.org/calculation-tools/all-tools"
"Residual fuel oil","Commercial","940.0","40.400",77400.00,10.00,0.60,"1.05",,"GHGP http://www.ghgprotocol.org/calculation-tools/all-tools"
"Other kerosene","Residential","800.0","43.800",71900.00,10.00,0.60,"1.05",,"GHGP http://www.ghgprotocol.org/calculation-tools/all-tools"
"Wood or Wood waste","Manufacturing","-1.0","15.600",112000.00,30.00,4.00,"1.05",,"GHGP http://www.ghgprotocol.org/calculation-tools/all-tools"
"Other bituminous coal","Construction","-1.0","25.800",94600.00,10.00,1.50,"1.05",,"GHGP http://www.ghgprotocol.org/calculation-tools/all-tools"
"Refinery gas","Energy","-1.0","49.500",57600.00,1.00,0.10,"1.11",,"GHGP http://www.ghgprotocol.org/calculation-tools/all-tools"
"Gas coke","Forestry","-1.0","28.200",107000.00,5.00,0.10,"1.05",,"GHGP http://www.ghgprotocol.org/calculation-tools/all-tools"
"Oxygen steel furnace gas","Fisheries","-1.0","7.060",182000.00,5.00,0.10,"1.11",,"GHGP http://www.ghgprotocol.org/calculation-tools/all-tools"
"Municipal waste (Non biomass fraction)","Commercial","-1.0","10.000",91700.00,300.00,4.00,"1.05",,"GHGP http://www.ghgprotocol.org/calculation-tools/all-tools"
"Residual fuel oil No.6","General","1010.0","40.200",80543.00,0.00,0.00,"1.05",,"GHGP http://www.ghgprotocol.org/calculation-tools/all-tools"
"Ethane","Fisheries","1.3","46.400",61600.00,5.00,0.10,"1.11",,"GHGP http://www.ghgprotocol.org/calculation-tools/all-tools"
"Blast furnace gas","Energy","-1.0","2.470",260000.00,1.00,0.10,"1.11",,"GHGP http://www.ghgprotocol.org/calculation-tools/all-tools"
"Distillate fuel oil No.2","General","845.0","43.910",72907.00,0.00,0.00,"1.05",,"GHGP http://www.ghgprotocol.org/calculation-tools/all-tools"
"Butane","General","580.0","44.310",69179.00,0.00,0.00,"1.05",,"GHGP http://www.ghgprotocol.org/calculation-tools/all-tools"
"Charcoal","Fisheries","-1.0","29.500",112000.00,200.00,1.00,"1.05",,"GHGP http://www.ghgprotocol.org/calculation-tools/all-tools"
"Sulphite lyes (Black liqour)","Forestry","-1.0","11.800",95300.00,3.00,2.00,"1.05",,"GHGP http://www.ghgprotocol.org/calculation-tools/all-tools"
"Natural Gas Liquids","Institutional","-1.0","44.200",64200.00,10.00,0.60,"1.05",,"GHGP http://www.ghgprotocol.org/calculation-tools/all-tools"
"Lignite coke","Agriculture","-1.0","28.200",107000.00,300.00,1.50,"1.05",,"GHGP http://www.ghgprotocol.org/calculation-tools/all-tools"
"Lignite coke","Forestry","-1.0","28.200",107000.00,300.00,1.50,"1.05",,"GHGP http://www.ghgprotocol.org/calculation-tools/all-tools"
"Natural Gas Liquids","Commercial","-1.0","44.200",64200.00,10.00,0.60,"1.05",,"GHGP http://www.ghgprotocol.org/calculation-tools/all-tools"
"Lubricants","Commercial","1000.0","40.200",73300.00,10.00,0.60,"1.05",,"GHGP http://www.ghgprotocol.org/calculation-tools/all-tools"
"Gas coke","Manufacturing","-1.0","28.200",107000.00,1.00,0.10,"1.05",,"GHGP http://www.ghgprotocol.org/calculation-tools/all-tools"
"Industrial wastes","Energy","-1.0","-1.000",143000.00,30.00,4.00,"1.05",,"GHGP http://www.ghgprotocol.org/calculation-tools/all-tools"
"Jet gasoline","Residential","-1.0","44.300",70000.00,10.00,0.60,"1.05",,"GHGP http://www.ghgprotocol.org/calculation-tools/all-tools"
"Coking coal","Manufacturing","-1.0","28.200",94600.00,10.00,1.50,"1.05",,"GHGP http://www.ghgprotocol.org/calculation-tools/all-tools"
"White Spirit/SBP","Forestry","-1.0","40.200",73300.00,10.00,0.60,"1.05",,"GHGP http://www.ghgprotocol.org/calculation-tools/all-tools"
"Petroleum coke","Energy","-1.0","32.500",97500.00,3.00,0.60,"1.05",,"GHGP http://www.ghgprotocol.org/calculation-tools/all-tools"
"Biogasoline","Construction","-1.0","27.000",70800.00,3.00,0.60,"1.05",,"GHGP http://www.ghgprotocol.org/calculation-tools/all-tools"
