"material","type","subtype","energyPerMass","massCO2PerMass","massCO2ePerMass","boundary","note","units","source"
"Aggregate","General","Gravel or crushed rock",0.083,0.005,0.005,"Cradle to gate","Estimated from measured UK industrial fuel consumption data",,"http://people.bath.ac.uk/cj219/"
"Aluminium","Cast products","Average",159.335,8.285,9.220,"Cradle to gate","Worldwide average recycled content of 33%.",,"http://people.bath.ac.uk/cj219/"
"Aluminium","Cast products","Recycled",25.000,1.350,1.450,"Cradle to gate",,,"http://people.bath.ac.uk/cj219/"
"Aluminium","Cast products","Virgin",225.500,11.700,13.100,"Cradle to gate",,,"http://people.bath.ac.uk/cj219/"
"Aluminium","Extruded","Average",154.265,8.157,9.080,"Cradle to gate","Worldwide average recycled content of 33%.",,"http://people.bath.ac.uk/cj219/"
"Aluminium","Extruded","Recycled",34.000,1.980,2.120,"Cradle to gate",,,"http://people.bath.ac.uk/cj219/"
"Aluminium","Extruded","Virgin",213.500,11.200,12.500,"Cradle to gate",,,"http://people.bath.ac.uk/cj219/"
"Aluminium","General","Average",155.000,8.236,9.160,"Cradle to gate","Assumed (UK) ratio of 25.6% extrusions, 55.7% Rolled and 18.7% castings. Worldwide average recycled content of 33%.",,"http://people.bath.ac.uk/cj219/"
"Aluminium","General","Recycled",29.000,1.690,1.810,"Cradle to gate",,,"http://people.bath.ac.uk/cj219/"
"Aluminium","General","Virgin",217.694,11.461,12.790,"Cradle to gate",,,"http://people.bath.ac.uk/cj219/"
"Aluminium","Rolled","Average",155.000,8.256,9.180,"Cradle to gate","Worldwide average recycled content of 33%.",,"http://people.bath.ac.uk/cj219/"
"Aluminium","Rolled","Recycled",28.000,1.670,1.790,"Cradle to gate",,,"http://people.bath.ac.uk/cj219/"
"Aluminium","Rolled","Virgin",217.000,11.500,12.800,"Cradle to gate",,,"http://people.bath.ac.uk/cj219/"
"Asbestos",,,7.400,,,"Not specified","Ref. 4.",,"http://people.bath.ac.uk/cj219/"
"Asphalt","4% binder content by mass",,2.860,0.059,0.066,"Cradle to gate","1.68 MJ/kg Feedstock Energy (Included). Modelled from the bitumen binder content. The fuel consumption of asphalt mixing operations was taken from the Mineral Products Association (MPA). It represents typical UK industrial data.",,"http://people.bath.ac.uk/cj219/"
"Asphalt","5% binder content by mass",,3.390,0.064,0.071,"Cradle to gate","2.10 MJ/kg Feedstock Energy (Included). Modelled from the bitumen binder content. The fuel consumption of asphalt mixing operations was taken from the Mineral Products Association (MPA). It represents typical UK industrial data.",,"http://people.bath.ac.uk/cj219/"
"Asphalt","6% binder content by mass",,3.930,0.068,0.076,"Cradle to gate","2.52 MJ/kg Feedstock Energy (Included). Modelled from the bitumen binder content. The fuel consumption of asphalt mixing operations was taken from the Mineral Products Association (MPA). It represents typical UK industrial data.",,"http://people.bath.ac.uk/cj219/"
"Asphalt","7% binder content by mass",,4.460,0.072,0.081,"Cradle to gate","2.94 MJ/kg Feedstock Energy (Included). Modelled from the bitumen binder content. The fuel consumption of asphalt mixing operations was taken from the Mineral Products Association (MPA). It represents typical UK industrial data.",,"http://people.bath.ac.uk/cj219/"
"Asphalt","8% binder content by mass",,5.000,0.076,0.086,"Cradle to gate","3.36 MJ/kg Feedstock Energy (Included). Modelled from the bitumen binder content. The fuel consumption of asphalt mixing operations was taken from the Mineral Products Association (MPA). It represents typical UK industrial data.",,"http://people.bath.ac.uk/cj219/"
"Bitumen","General","Lower",51.000,0.380,0.430,"Cradle to gate","42 MJ/kg Feedstock Energy  (Included).  Feedstock assumed to be typical energy content of Bitumen. Carbon dioxide emissions are particularly difficult to estimate; range given.",,"http://people.bath.ac.uk/cj219/"
"Bitumen","General","Mean",51.000,0.405,0.490,"Cradle to gate","42 MJ/kg Feedstock Energy  (Included).  Feedstock assumed to be typical energy content of Bitumen. Carbon dioxide emissions are particularly difficult to estimate; range given.",,"http://people.bath.ac.uk/cj219/"
"Bitumen","General","Upper",51.000,0.430,0.550,"Cradle to gate","42 MJ/kg Feedstock Energy  (Included).  Feedstock assumed to be typical energy content of Bitumen. Carbon dioxide emissions are particularly difficult to estimate; range given.",,"http://people.bath.ac.uk/cj219/"
"Brass","General","Average",44.000,2.460,2.640,"Cradle to gate","Poor data availability. It is believed that the data may be largely dependent upon ore grade.  Poor carbon data making estimate of embodied carbon difficult.",,"http://people.bath.ac.uk/cj219/"
"Brass","General","Recycled",20.000,1.120,1.200,"Cradle to gate",,,"http://people.bath.ac.uk/cj219/"
"Brass","General","Virgin",80.000,4.470,4.800,"Cradle to gate",,,"http://people.bath.ac.uk/cj219/"
"Bricks","General","Common Brick",3.000,0.230,0.240,"Cradle to gate","Assuming 2.3 kg per brick.",,"http://people.bath.ac.uk/cj219/"
"Bricks","Limestone",,0.850,,,"Cradle to gate",,,"http://people.bath.ac.uk/cj219/"
"Bronze","General",,69.000,3.730,4.000,"Not specified","Average of the only two references",,"http://people.bath.ac.uk/cj219/"
"Calcium silicate sheet",,,2.000,0.130,,"Not specified","Ref. 55.",,"http://people.bath.ac.uk/cj219/"
"Carpet","Felt underlay","Hair and Jute",19.000,0.970,,"Cradle to grave","Ref. 94.",,"http://people.bath.ac.uk/cj219/"
"Carpet","General",,74.000,3.900,,"Cradle to grave","For per square meter estimates see material profile. Difficult to estimate; taken from Ref. 94.",,"http://people.bath.ac.uk/cj219/"
"Carpet","Nylon (Polyamide)","Pile weight 1100 g/m2",122.152,6.873,6.873,"Cradle to grave","Total weight of this carpet 2,677 g/m2. See Refs. 277 and 279. These carpets (inc. below) are a tufted surface pile made of 100% nylon (polyamide) with a woven textile backing and flame proofed on the basis of aluminium hydroxide.",,"http://people.bath.ac.uk/cj219/"
"Carpet","Nylon (Polyamide)","Pile weight 300 g/m2",88.016,4.536,4.536,"Cradle to grave","Total weight of this carpet 1477 g/m2. See Refs. 277 and 279. These carpets (inc. below) are a tufted surface pile made of 100% nylon (polyamide) with a woven textile backing and flame proofed on the basis of aluminium hydroxide.",,"http://people.bath.ac.uk/cj219/"
"Carpet","Nylon (Polyamide)","Pile weight 500 g/m2",97.986,5.280,5.280,"Cradle to grave","Total weight of this carpet 1837 g/m2. See Refs. 277 and 279. These carpets (inc. below) are a tufted surface pile made of 100% nylon (polyamide) with a woven textile backing and flame proofed on the basis of aluminium hydroxide.",,"http://people.bath.ac.uk/cj219/"
"Carpet","Nylon (Polyamide)","Pile weight 700 g/m2",107.126,5.915,5.915,"Cradle to grave","Total weight of this carpet 2147 g/m2. See Refs. 277 and 279. These carpets (inc. below) are a tufted surface pile made of 100% nylon (polyamide) with a woven textile backing and flame proofed on the basis of aluminium hydroxide.",,"http://people.bath.ac.uk/cj219/"
"Carpet","Nylon (Polyamide)","Pile weight 900 g/m2",114.133,6.428,6.428,"Cradle to grave","Total weight of this carpet 2,427 g/m2. See Refs. 277 and 279. These carpets (inc. below) are a tufted surface pile made of 100% nylon (polyamide) with a woven textile backing and flame proofed on the basis of aluminium hydroxide.",,"http://people.bath.ac.uk/cj219/"
"Carpet","Nylon (Polyamide) tiles","Pile weight 1100 g/m2",73.785,3.845,3.845,"Cradle to grave","Total weight of this carpet 5,123 g/m2. See Refs. 277 and 279. These carpet tiles (inc. below) are a tufted surface pile made of 100% nylon (polyamide) fleece-covered bitumen backing and flame-proofed on the basis of aluminium hydroxide",,"http://people.bath.ac.uk/cj219/"
"Carpet","Nylon (Polyamide) tiles","Pile weight 300 g/m2",43.172,1.880,1.880,"Cradle to grave","Total weight of this carpet 4,123 g/m2. See Refs. 277 and 279. These carpet tiles (inc. below) are a tufted surface pile made of 100% nylon (polyamide) fleece-covered bitumen backing and flame-proofed on the basis of aluminium hydroxide",,"http://people.bath.ac.uk/cj219/"
"Carpet","Nylon (Polyamide) tiles","Pile weight 500 g/m2",52.367,2.447,2.447,"Cradle to grave","Total weight of this carpet 4,373 g/m2. See Refs. 277 and 279. These carpet tiles (inc. below) are a tufted surface pile made of 100% nylon (polyamide) fleece-covered bitumen backing and flame-proofed on the basis of aluminium hydroxide",,"http://people.bath.ac.uk/cj219/"
"Carpet","Nylon (Polyamide) tiles","Pile weight 700 g/m2",60.350,2.963,2.963,"Cradle to grave","Total weight of this carpet 4,623 g/m2. See Refs. 277 and 279. These carpet tiles (inc. below) are a tufted surface pile made of 100% nylon (polyamide) fleece-covered bitumen backing and flame-proofed on the basis of aluminium hydroxide",,"http://people.bath.ac.uk/cj219/"
"Carpet","Nylon (Polyamide) tiles","Pile weight 900 g/m2",67.310,3.427,3.427,"Cradle to grave","Total weight of this carpet 4,873 g/m2. See Refs. 277 and 279. These carpet tiles (inc. below) are a tufted surface pile made of 100% nylon (polyamide) fleece-covered bitumen backing and flame-proofed on the basis of aluminium hydroxide",,"http://people.bath.ac.uk/cj219/"
"Carpet","Polyethylterepthalate (PET)",,106.500,5.560,,"Cradle to grave","Includes feedstock energy",,"http://people.bath.ac.uk/cj219/"
"Carpet","Polypropylene",,95.400,4.980,,"Cradle to grave","Includes feedstock energy, for per square meter see material profile",,"http://people.bath.ac.uk/cj219/"
"Carpet","Polyurethane",,72.100,3.760,,"Cradle to grave","Includes feedstock energy",,"http://people.bath.ac.uk/cj219/"
"Carpet","Rubber","Lower",67.500,3.610,,"Cradle to grave",,,"http://people.bath.ac.uk/cj219/"
"Carpet","Rubber","Mean",103.750,5.545,,"Cradle to grave",,,"http://people.bath.ac.uk/cj219/"
"Carpet","Rubber","Upper",140.000,7.480,,"Cradle to grave",,,"http://people.bath.ac.uk/cj219/"
"Carpet","Saturated felt underlay","Impregnated with asphalt or tar",31.700,1.650,,"Cradle to grave","Ref. 94.",,"http://people.bath.ac.uk/cj219/"
"Carpet","Wool",,106.000,5.530,,"Cradle to grave","For per square meter see material profile. See Refs. 63, 201, 202 and 281 (Same author).",,"http://people.bath.ac.uk/cj219/"
"Carpet grout",,,30.800,,,"Not specified","Ref. 169.",,"http://people.bath.ac.uk/cj219/"
"Cement","21-35% fly ash (CEM II/B-V)","21% fly ash",4.450,0.740,0.750,"Cradle to gate","See material profile for further details.",,"http://people.bath.ac.uk/cj219/"
"Cement","21-35% fly ash (CEM II/B-V)","35% fly ash",3.680,0.610,0.620,"Cradle to gate","See material profile for further details.",,"http://people.bath.ac.uk/cj219/"
"Cement","21-35% fly ash (CEM II/B-V)","Mean",4.065,0.675,0.685,"Cradle to gate","See material profile for further details.",,"http://people.bath.ac.uk/cj219/"
"Cement","21-35% GGBS (CEM II/B-S)","21% GGBS",4.770,0.760,0.770,"Cradle to gate","See material profile for further details.",,"http://people.bath.ac.uk/cj219/"
"Cement","21-35% GGBS (CEM II/B-S)","35% GGBS",4.210,0.640,0.650,"Cradle to gate","See material profile for further details.",,"http://people.bath.ac.uk/cj219/"
"Cement","21-35% GGBS (CEM II/B-S)","Mean",4.490,0.700,0.710,"Cradle to gate","See material profile for further details.",,"http://people.bath.ac.uk/cj219/"
"Cement","36-65% GGBS (CEM III/A)","36% GGBS",4.170,0.630,0.640,"Cradle to gate","See material profile for further details.",,"http://people.bath.ac.uk/cj219/"
"Cement","36-65% GGBS (CEM III/A)","65% GGBS",3.000,0.380,0.390,"Cradle to gate","See material profile for further details.",,"http://people.bath.ac.uk/cj219/"
"Cement","36-65% GGBS (CEM III/A)","Mean",3.585,0.505,0.515,"Cradle to gate","See material profile for further details.",,"http://people.bath.ac.uk/cj219/"
"Cement","6-20% fly ash (CEM II/A-V)","20% fly ash",4.510,0.750,0.760,"Cradle to gate","See material profile for further details.",,"http://people.bath.ac.uk/cj219/"
"Cement","6-20% fly ash (CEM II/A-V)","6% fly ash",5.280,0.880,0.890,"Cradle to gate","See material profile for further details.",,"http://people.bath.ac.uk/cj219/"
"Cement","6-20% fly ash (CEM II/A-V)","Mean",4.895,0.815,0.825,"Cradle to gate","See material profile for further details.",,"http://people.bath.ac.uk/cj219/"
"Cement","66-80% GGBS (CEM II/B)","66% GGBS",2.960,0.370,0.380,"Cradle to gate","See material profile for further details.",,"http://people.bath.ac.uk/cj219/"
"Cement","66-80% GGBS (CEM II/B)","80% GGBS",2.400,0.250,0.260,"Cradle to gate","See material profile for further details.",,"http://people.bath.ac.uk/cj219/"
"Cement","66-80% GGBS (CEM II/B)","Mean",2.680,0.310,0.320,"Cradle to gate","See material profile for further details.",,"http://people.bath.ac.uk/cj219/"
"Cement","Average CEM I Portland Cement (94% Clinker)",,5.500,0.930,0.950,"Cradle to gate","This is a standard cement with no cementitious additions (i.e. fly ash or blast furnace slag). Composition 94% clinker, 5% gypsum, 1% minor additional constituents (mac's). This data has been estimated from the British Cement Association's factsheets.",,"http://people.bath.ac.uk/cj219/"
"Cement","Cement stabilised soil",5%,0.680,0.060,0.061,"Cradle to gate","Assumed 5% cement content.",,"http://people.bath.ac.uk/cj219/"
"Cement","Cement stabilised soil",8%,0.830,0.082,0.084,"Cradle to gate","Assumed 8% stabiliser contents (6% cement and 2% quicklime)",,"http://people.bath.ac.uk/cj219/"
"Cement","Fibre Cement  Panels","Coated",15.300,1.280,,"Cradle to gate","Few data points. Selected data modified from Ref. 107.",,"http://people.bath.ac.uk/cj219/"
"Cement","Fibre Cement Panels","Uncoated",10.400,1.090,,"Cradle to gate","Few data points. Selected data modified from Ref. 107.",,"http://people.bath.ac.uk/cj219/"
"Cement","General","UK weighted average",4.510,0.730,0.740,"Cradle to gate","Weighted average of all cement consumed within the UK. This includes all factory made cements (CEM I, CEM II, CEM III, CEM IV) and further blending of fly ash and ground granulated blast furnace slag.",,"http://people.bath.ac.uk/cj219/"
"Cement","Mortar","1:0.5:4.5 cement:lime:sand mix",1.340,0.200,0.213,"Cradle to gate","Values estimated from the ICE Cement, Mortar and Concrete Model",,"http://people.bath.ac.uk/cj219/"
"Cement","Mortar","1:1:6 cement:lime:sand mix",1.110,0.163,0.174,"Cradle to gate","Values estimated from the ICE Cement, Mortar and Concrete Model",,"http://people.bath.ac.uk/cj219/"
"Cement","Mortar","1:2:9 cement:lime:sand mix",1.030,0.145,0.155,"Cradle to gate","Values estimated from the ICE Cement, Mortar and Concrete Model",,"http://people.bath.ac.uk/cj219/"
"Cement","Mortar","1:3 cement:sand mix",1.330,0.208,0.221,"Cradle to gate","Values estimated from the ICE Cement, Mortar and Concrete Model",,"http://people.bath.ac.uk/cj219/"
"Cement","Mortar","1:4 cement:sand mix",1.110,0.171,0.182,"Cradle to gate","Values estimated from the ICE Cement, Mortar and Concrete Model",,"http://people.bath.ac.uk/cj219/"
"Cement","Mortar","1:5 cement:sand mix",0.970,0.146,0.156,"Cradle to gate","Values estimated from the ICE Cement, Mortar and Concrete Model",,"http://people.bath.ac.uk/cj219/"
"Cement","Mortar","1:6 cement:sand mix",0.850,0.127,0.136,"Cradle to gate","Values estimated from the ICE Cement, Mortar and Concrete Model",,"http://people.bath.ac.uk/cj219/"
"Ceramics","Fittings",,20.000,1.070,1.140,"Cradle to gate","Ref. 1.",,"http://people.bath.ac.uk/cj219/"
"Ceramics","General",,10.000,0.660,0.700,"Cradle to gate","Very large data range, difficult to select values for general ceramics.",,"http://people.bath.ac.uk/cj219/"
"Ceramics","Sanitary products",,29.000,1.510,1.610,"Cradle to gate","Limited data.",,"http://people.bath.ac.uk/cj219/"
"Ceramics","Tiles and cladding panels",,12.000,0.740,0.780,"Cradle to gate","Difficult to select, large range, limited data. See Ref. 292.",,"http://people.bath.ac.uk/cj219/"
"Chromium",,,83.000,5.390,,"Not specified","Ref. 22.",,"http://people.bath.ac.uk/cj219/"
"Clay","General (simple baked products)",,3.000,0.230,0.240,"Cradle to gate","General simple baked clay products (inc. terracotta and bricks)",,"http://people.bath.ac.uk/cj219/"
"Clay","Tile",,6.500,0.450,0.480,"Cradle to gate",,,"http://people.bath.ac.uk/cj219/"
"Clay","Vitrified clay pipe","DN 100",6.200,0.438,0.460,"Cradle to gate",,,"http://people.bath.ac.uk/cj219/"
"Clay","Vitrified clay pipe","DN 150",6.200,0.438,0.460,"Cradle to gate",,,"http://people.bath.ac.uk/cj219/"
"Clay","Vitrified clay pipe","DN 200",7.000,0.478,0.500,"Cradle to gate",,,"http://people.bath.ac.uk/cj219/"
"Clay","Vitrified clay pipe","DN 300",7.000,0.478,0.500,"Cradle to gate",,,"http://people.bath.ac.uk/cj219/"
"Clay","Vitrified clay pipe","DN 500",7.900,0.519,0.550,"Cradle to gate",,,"http://people.bath.ac.uk/cj219/"
"Copper","EU Tube and Sheet","Average",42.000,2.600,2.710,"Cradle to gate","EU production data, estimated from Kupfer Institut LCI data. 37% recycled content (the 3 year world average). World average data is expected to be higher than these values.",,"http://people.bath.ac.uk/cj219/"
"Copper","EU Tube and Sheet","Recycled",16.500,0.800,0.840,"Cradle to gate",,,"http://people.bath.ac.uk/cj219/"
"Copper","EU Tube and Sheet","Virgin",57.000,3.650,3.810,"Cradle to gate",,,"http://people.bath.ac.uk/cj219/"
"Copper","Recycled from high grade scrap",,18.000,1.100,,"Cradle to gate","Uncertain, difficult to estimate with the data available.",,"http://people.bath.ac.uk/cj219/"
"Copper","Recycled from low grade scrap",,50.000,3.100,,"Cradle to gate",,,"http://people.bath.ac.uk/cj219/"
"Cotton","Fabric",,143.000,6.780,,"Not specified","Ref. 38.",,"http://people.bath.ac.uk/cj219/"
"Cotton","Padding",,27.100,1.280,,"Not specified","Ref. 38.",,"http://people.bath.ac.uk/cj219/"
"Damp proof course/membrane",,,134.000,4.200,,"Not specified","Uncertain estimate.",,"http://people.bath.ac.uk/cj219/"
"Felt","General",,36.000,,,"Not specified",,,"http://people.bath.ac.uk/cj219/"
"Flax",,,33.500,1.700,,"Not specified","Ref. 2.",,"http://people.bath.ac.uk/cj219/"
"Fly Ash",,,0.100,0.008,,"Not specified","No allocation from fly ash producing system.",,"http://people.bath.ac.uk/cj219/"
"Glass","Fibreglass","Glasswool",28.000,1.540,,"Cradle to gate","Large data range, but the selected value is inside a small band of frequently quoted values.",,"http://people.bath.ac.uk/cj219/"
"Glass","Primary Glass",,15.000,0.860,0.910,"Cradle to gate","Includes process CO2 emissions from primary glass manufacture.",,"http://people.bath.ac.uk/cj219/"
"Glass","Secondary Glass",,11.500,0.550,0.590,"Cradle to gate","EE estimated from Ref 115.",,"http://people.bath.ac.uk/cj219/"
"Glass","Toughened",,23.500,1.270,1.350,"Cradle to gate","Only three data sources",,"http://people.bath.ac.uk/cj219/"
"Glass reinforced plastic / fibreglass",,,100.000,8.100,,"Not specified","Ref. 1.",,"http://people.bath.ac.uk/cj219/"
"Grit",,,0.115,0.007,,"Not specified","Ref. 114.",,"http://people.bath.ac.uk/cj219/"
"Ground limestone",,,0.620,0.032,,"Not specified",,,"http://people.bath.ac.uk/cj219/"
"Insulation","Cellular Glass",,27.000,,,"Unknown","Ref. 54.",,"http://people.bath.ac.uk/cj219/"
"Insulation","Cellulose","Lower",0.940,,,"Cradle to gate",,,"http://people.bath.ac.uk/cj219/"
"Insulation","Cellulose","Mean",2.120,,,"Cradle to gate",,,"http://people.bath.ac.uk/cj219/"
"Insulation","Cellulose","Upper",3.300,,,"Cradle to gate",,,"http://people.bath.ac.uk/cj219/"
"Insulation","Cork",,4.000,0.190,,"Cradle to gate","Ref. 55.",,"http://people.bath.ac.uk/cj219/"
"Insulation","Fibreglass","Glasswool",28.000,1.350,,"Cradle to site","Poor data difficult to select appropriate value",,"http://people.bath.ac.uk/cj219/"
"Insulation","Flax","Insulation",39.500,1.700,,"Cradle to grave","Ref. 2. 5.97 MJ/kg Feedstock Energy  (Included)",,"http://people.bath.ac.uk/cj219/"
"Insulation","General Insulation",,45.000,1.860,,"Cradle to gate","Estimated from typical market shares. Feedstock Energy 16.5 MJ/kg  (Included)",,"http://people.bath.ac.uk/cj219/"
"Insulation","Mineral wool",,16.600,1.200,1.280,"Cradle to gate",,,"http://people.bath.ac.uk/cj219/"
"Insulation","Paper wool",,20.170,0.630,,"Cradle to grave","Ref. 2",,"http://people.bath.ac.uk/cj219/"
"Insulation","Rockwool",,16.800,1.050,1.120,"Cradle to grave","Cradle to Grave",,"http://people.bath.ac.uk/cj219/"
"Insulation","Woodwool","Board",20.000,0.980,,"Cradle to gate","Ref. 55.",,"http://people.bath.ac.uk/cj219/"
"Insulation","Woodwool","Loose",10.800,,,"Cradle to gate","Ref. 205.",,"http://people.bath.ac.uk/cj219/"
"Insulation","Wool","Recycled",20.900,,,"Cradle to gate","Refs. 63, 201, 202 and 281.",,"http://people.bath.ac.uk/cj219/"
"Iron","General",,25.000,1.910,2.032,"Cradle to gate","It was difficult to estimate the embodied energy and carbon of iron with the data available.",,"http://people.bath.ac.uk/cj219/"
"Lead","General","Average",25.210,1.570,1.668,"Cradle to gate","Allocated (divided) on a mass basis, assumes recycling rate of 61%",,"http://people.bath.ac.uk/cj219/"
"Lead","General","Recycled",10.000,0.540,0.580,"Cradle to gate","Scrap batteries are a main feedstock for recycled lead",,"http://people.bath.ac.uk/cj219/"
"Lead","General","Virgin",49.000,3.180,3.370,"Cradle to gate",,,"http://people.bath.ac.uk/cj219/"
"Lime","General",,5.300,0.760,0.780,"Cradle to gate","Embodied carbon was difficult to estimate",,"http://people.bath.ac.uk/cj219/"
"Linoleum","General",,25.000,1.210,,"Cradle to grave","Data difficult to select, large data range.",,"http://people.bath.ac.uk/cj219/"
"Lithium",,,853.000,5.300,,"Not specified","Ref. 22.",,"http://people.bath.ac.uk/cj219/"
"Mandolite",,,63.000,1.400,,"Not specified","Ref. 1.",,"http://people.bath.ac.uk/cj219/"
"Manganese",,,52.000,3.500,,"Not specified","Ref. 22.",,"http://people.bath.ac.uk/cj219/"
"Mercury",,,87.000,4.940,,"Not specified","Ref. 22.",,"http://people.bath.ac.uk/cj219/"
"Mineral fibre tile","Roofing",,37.000,2.700,,"Not specified","Ref. 1.",,"http://people.bath.ac.uk/cj219/"
"Molybedenum",,,378.000,30.300,,"Not specified","Ref. 22.",,"http://people.bath.ac.uk/cj219/"
"Nickel",,,164.000,12.400,,"Not specified","Ref. 114.",,"http://people.bath.ac.uk/cj219/"
"Paint","General",,70.000,2.420,2.910,"Cradle to gate","Large variations in data, especially for embodied carbon. Includes feedstock energy. Water based paints have a 70% market share.  Water based paint has a lower embodied energy than solvent based paint.",,"http://people.bath.ac.uk/cj219/"
"Paint","Solventborne",,97.000,3.130,3.760,"Cradle to gate","Solventborne paint has a 30% share of the market. Includes feedstock energy.  It was  difficult to estimate carbon emissions for Solventborne paint.",,"http://people.bath.ac.uk/cj219/"
"Paint","Waterborne",,59.000,2.120,2.540,"Cradle to gate","Waterborne paint has a 70% of market share. Includes feedstock energy.",,"http://people.bath.ac.uk/cj219/"
"Paper","Fine",,28.200,1.490,,"Cradle to gate","Excluding CV of wood, excludes carbon sequestration",,"http://people.bath.ac.uk/cj219/"
"Paper","Paperboard","General for construction use",24.800,1.290,,"Cradle to gate","Excluding calorific value (CV) of wood, excludes carbon sequestration/biogenic carbon storage.",,"http://people.bath.ac.uk/cj219/"
"Paper","Wallpaper",,36.400,1.930,,"Cradle to gate",,,"http://people.bath.ac.uk/cj219/"
"Perlite","Expanded",,10.000,0.520,,"Not specified","Ref. 114.",,"http://people.bath.ac.uk/cj219/"
"Perlite","Natural",,0.660,0.030,,"Not specified","Ref. 114.",,"http://people.bath.ac.uk/cj219/"
"Plaster","General (Gypsum)",,1.800,0.120,0.130,"Cradle to gate","Problems selecting good value, inconsistent figures, West et al believe this is because of past aggregation of EE with cement",,"http://people.bath.ac.uk/cj219/"
"Plaster","Plasterboard",,6.750,0.380,0.390,"Cradle to gate","See Ref [WRAP] for further info on GWP data, including disposal impacts which are significant for Plasterboard.",,"http://people.bath.ac.uk/cj219/"
"Plastics","ABS",,95.300,3.050,3.760,"Cradle to gate","48.6 MJ/kg Feedstock Energy  (Included)",,"http://people.bath.ac.uk/cj219/"
"Plastics","General",,80.500,2.730,3.310,"Cradle to gate","35.6 MJ/kg Feedstock Energy  (Included). Determined by the average use of each type of plastic used in the European construction industry.",,"http://people.bath.ac.uk/cj219/"
"Plastics","General polyethylene",,83.100,2.040,2.540,"Cradle to gate","54.4 MJ/kg Feedstock Energy  (Included). Based on average consumption of types of polyethylene in European construction",,"http://people.bath.ac.uk/cj219/"
"Plastics","High Density Polyethylene Pipe",,84.400,2.020,2.520,"Cradle to gate","55.1 MJ/kg Feedstock Energy  (Included)",,"http://people.bath.ac.uk/cj219/"
"Plastics","High Density Polyethylene Resin",,76.700,1.570,1.930,"Cradle to gate","54.3 MJ/kg Feedstock Energy  (Included). Doesn’t include the final fabrication.",,"http://people.bath.ac.uk/cj219/"
"Plastics","Low Density Polyethylene  Film",,89.300,2.130,2.600,"Cradle to gate","55.2 MJ/kg Feedstock Energy (Included)",,"http://people.bath.ac.uk/cj219/"
"Plastics","Low Density Polyethylene Resin",,78.100,1.690,2.080,"Cradle to gate","51.6 MJ/kg Feedstock Energy  (Included). Doesn't include the final fabrication",,"http://people.bath.ac.uk/cj219/"
"Plastics","Nylon (Polyamide)","6 Polymer",120.500,5.470,9.140,"Cradle to gate","38.6 MJ/kg Feedstock Energy  (Included). Doesn’t include final fabrication. Plastics Europe state that two thirds of nylon is used as fibres (textiles, carpets…etc) in Europe and that most of the remainder as injection mouldings.",,"http://people.bath.ac.uk/cj219/"
"Plastics","Nylon (Polyamide)","6,6 Polymer",138.600,6.540,7.920,"Cradle to gate","50.7 MJ/kg Feedstock Energy  (Included). Doesn’t include final fabrication (i.e. injection moulding). See comments for Nylon 6 polymer.",,"http://people.bath.ac.uk/cj219/"
"Plastics","Polycarbonate",,112.900,6.030,7.620,"Cradle to gate","36.7 MJ/kg Feedstock Energy  (Included). Doesn’t include final fabrication.",,"http://people.bath.ac.uk/cj219/"
"Plastics","Polypropylene","Injection Moulding",115.100,3.930,4.490,"Cradle to gate","54 MJ/kg Feedstock Energy  (Included). If biomass benefits are included the CO2 may reduce to 3.85 kgCO2/kg, and GWP down to 4.41 kg CO2e/kg.",,"http://people.bath.ac.uk/cj219/"
"Plastics","Polypropylene","Orientated film",99.200,2.970,3.430,"Cradle to gate","55.7 MJ/kg Feedstock Energy  (Included).",,"http://people.bath.ac.uk/cj219/"
"Plastics","Polystyrene","Expanded",88.600,2.550,3.290,"Cradle to gate","46.2 MJ/kg Feedstock Energy  (Included)",,"http://people.bath.ac.uk/cj219/"
"Plastics","Polystyrene","General purpose",86.400,2.710,3.430,"Cradle to gate","46.3 MJ/kg Feedstock Energy  (Included)",,"http://people.bath.ac.uk/cj219/"
"Plastics","Polystyrene","High impact",87.400,2.760,3.420,"Cradle to gate","46.4 MJ/kg Feedstock Energy  (Included)",,"http://people.bath.ac.uk/cj219/"
"Plastics","Polystyrene","Thermoformed expanded",109.200,3.450,4.390,"Cradle to gate","49.7 MJ/kg Feedstock Energy  (Included)",,"http://people.bath.ac.uk/cj219/"
"Plastics","Polyurethane flexible foam",,102.100,4.060,4.840,"Cradle to gate","33.47 MJ/kg Feedstock Energy  (Included). Poor data availability for feedstock energy",,"http://people.bath.ac.uk/cj219/"
"Plastics","Polyurethane rigid foam",,101.500,3.480,4.260,"Cradle to gate","37.07 MJ/kg Feedstock Energy  (Included). Poor data availability for feedstock energy",,"http://people.bath.ac.uk/cj219/"
"Plastics","PVC","Calendered Sheet",68.600,2.610,3.190,"Cradle to gate","24.4 MJ/kg Feedstock Energy  (Included). If biomass benefits are included the CO2 may reduce to 2.56 kgCO2/kg, and GWP down to 3.15 kg CO2e/kg.",,"http://people.bath.ac.uk/cj219/"
"Plastics","PVC","General",77.200,2.610,3.100,"Cradle to gate","28.1 MJ/kg Feedstock Energy  (Included). Based on market average consumption of types of PVC in the European construction industry",,"http://people.bath.ac.uk/cj219/"
"Plastics","PVC","Injection Moulding",95.100,2.690,3.300,"Cradle to gate","35.1 MJ/kg Feedstock Energy  (Included). If biomass benefits are included the CO2 may reduce to 2.23 kgCO2/kg, and GWP down to 2.84 kg CO2e/kg.",,"http://people.bath.ac.uk/cj219/"
"Plastics","PVC","Pipe",67.500,2.560,3.230,"Cradle to gate","24.4 MJ/kg Feedstock Energy  (Included). If biomass benefits are included the CO2 may reduce to 2.51 kgCO2/kg, and GWP down to 3.23 kg CO2e/kg.",,"http://people.bath.ac.uk/cj219/"
"Plastics","UPVC film",,69.400,2.570,3.160,"Cradle to gate","25.3 MJ/kg Feedstock Energy  (Included)",,"http://people.bath.ac.uk/cj219/"
"Quartz powder",,,0.852,0.023,,"Not specified","Ref. 114.",,"http://people.bath.ac.uk/cj219/"
"Rubber","General",,91.000,2.660,2.850,"Cradle to gate","40 MJ/kg Feedstock Energy  (Included)",,"http://people.bath.ac.uk/cj219/"
"Sand","General",,0.081,0.005,0.005,"Cradle to gate","Estimated from real UK industrial fuel consumption data",,"http://people.bath.ac.uk/cj219/"
"Sealants and adhesives","Epoxide resin",,137.000,5.700,,"Cradle to gate","42.6 MJ/kg Feedstock Energy  (Included). Source: www.plasticseurope.org",,"http://people.bath.ac.uk/cj219/"
"Sealants and adhesives","Mastic sealant","Lower",62.000,,,"Cradle to gate",,,"http://people.bath.ac.uk/cj219/"
"Sealants and adhesives","Mastic sealant","Mean",131.000,,,"Cradle to gate",,,"http://people.bath.ac.uk/cj219/"
"Sealants and adhesives","Mastic sealant","Upper",200.000,,,"Cradle to gate",,,"http://people.bath.ac.uk/cj219/"
"Sealants and adhesives","Melamine resin",,97.000,4.190,,"Cradle to gate","Feedstock energy 18 MJ/kg - estimated from Ref 34.",,"http://people.bath.ac.uk/cj219/"
"Sealants and adhesives","Phenol formaldehyde",,88.000,2.980,,"Cradle to grave","Feedstock energy 32 MJ/kg - estimated from Ref 34.",,"http://people.bath.ac.uk/cj219/"
"Sealants and adhesives","Urea formaldehyde",,70.000,2.760,,"Cradle to site","Feedstock energy 18 MJ/kg - estimated from Ref 34.",,"http://people.bath.ac.uk/cj219/"
"Shingle",,,11.300,0.300,,"Not specified","Ref. 70.",,"http://people.bath.ac.uk/cj219/"
"Silicon",,,2355.000,,,"Not specified","Ref. 167.",,"http://people.bath.ac.uk/cj219/"
"Silver",,,128.200,6.310,,"Not specified","Ref. 148.",,"http://people.bath.ac.uk/cj219/"
"Slag (GGBS)",,,1.600,0.083,,"Not specified","Ground Granulated Blast Furnace Slag (GGBS), economic allocation.",,"http://people.bath.ac.uk/cj219/"
"Soil","Cement stabilised soil",5%,0.680,0.060,0.061,"Cradle to site","Assumed 5% cement content.",,"http://people.bath.ac.uk/cj219/"
"Soil","Cement stabilised soil",8%,0.830,0.082,0.084,"Cradle to site","Assumed 8% stabiliser content (6% cement and 2% lime).",,"http://people.bath.ac.uk/cj219/"
"Soil","Fly ash stabilised soil",,0.560,0.039,0.041,"Cradle to site","Assumed 10% stabiliser content (8% fly ash and 2% lime).",,"http://people.bath.ac.uk/cj219/"
"Soil","General (rammed Soil)",,0.450,0.023,0.024,"Cradle to site",,,"http://people.bath.ac.uk/cj219/"
"Soil","GGBS stabilised soil",,0.650,0.045,0.047,"Cradle to site","Assumed 8% stabiliser content (8% GGBS and 2% lime).",,"http://people.bath.ac.uk/cj219/"
"Steel","Bar and rod","EU average",17.400,1.310,1.400,"Cradle to gate"," EU 3-average recycled content of 59%",,"http://people.bath.ac.uk/cj219/"
"Steel","Bar and rod","Recycled",8.800,0.420,0.450,"Cradle to gate",,,"http://people.bath.ac.uk/cj219/"
"Steel","Bar and rod","Rest of world average",22.300,1.820,1.950,"Cradle to gate","Comments above apply. See material profile for further information.",,"http://people.bath.ac.uk/cj219/"
"Steel","Bar and rod","Virgin",29.200,2.590,2.770,"Cradle to gate",,,"http://people.bath.ac.uk/cj219/"
"Steel","Bar and rod","World average",21.600,1.740,1.860,"Cradle to gate","Comments above apply. See material profile for further information.",,"http://people.bath.ac.uk/cj219/"
"Steel","Coil (sheet)","EU average",18.800,1.300,1.380,"Cradle to gate","Effective recycled content because recycling route is not typical.  EU 3-average recycled content of 59%",,"http://people.bath.ac.uk/cj219/"
"Steel","Coil (sheet)","Rest of world average",24.400,1.810,1.920,"Cradle to gate","Comments above apply. See material profile for further information.",,"http://people.bath.ac.uk/cj219/"
"Steel","Coil (sheet)","Virgin",32.800,2.580,2.740,"Cradle to gate",,,"http://people.bath.ac.uk/cj219/"
"Steel","Coil (sheet)","World average",23.500,1.740,1.850,"Cradle to gate","Comments above apply. See material profile for further information.",,"http://people.bath.ac.uk/cj219/"
"Steel","Engineering","Recycled",13.100,0.680,0.720,"Cradle to gate",,,"http://people.bath.ac.uk/cj219/"
"Steel","Galvanised coil (sheet)","EU average",22.600,1.450,1.540,"Cradle to gate","Effective recycled content because recycling route is not typical.  EU 3-average recycled content of 59%",,"http://people.bath.ac.uk/cj219/"
"Steel","Galvanised coil (sheet)","Rest of world average",29.500,2.000,2.120,"Cradle to gate","Comments above apply. See material profile for further information.",,"http://people.bath.ac.uk/cj219/"
"Steel","Galvanised coil (sheet)","Virgin",40.000,2.840,3.010,"Cradle to gate",,,"http://people.bath.ac.uk/cj219/"
"Steel","Galvanised coil (sheet)","World average",28.500,1.920,2.030,"Cradle to gate","Comments above apply. See material profile for further information.",,"http://people.bath.ac.uk/cj219/"
"Steel","General","EU average",20.100,1.370,1.460,"Cradle to gate","EU 3-average recycled content of 59%. Estimated from UK's consumption mixture of types of steel (excluding stainless). All data doesn't include the final cutting of the steel products to the specified dimensions or further fabrication activities.",,"http://people.bath.ac.uk/cj219/"
"Steel","General","Recycled",9.400,0.440,0.470,"Cradle to gate","Could not collect strong statistics on consumption mix of recycled steel.",,"http://people.bath.ac.uk/cj219/"
"Steel","General","Rest of world average",26.200,1.900,2.030,"Cradle to gate","Rest of World (non-E.U.) consumption of steel. 3 year average recycled content of 35.5%.",,"http://people.bath.ac.uk/cj219/"
"Steel","General","Virgin",35.400,2.710,2.890,"Cradle to gate",,,"http://people.bath.ac.uk/cj219/"
"Steel","General","World average",25.300,1.820,1.950,"Cradle to gate","Whole world 3 year average recycled content of 39%.",,"http://people.bath.ac.uk/cj219/"
"Steel","Pipe","EU average",19.800,1.370,1.450,"Cradle to gate","Effective recycled content because recycling route is not typical.  EU 3-average recycled content of 59%",,"http://people.bath.ac.uk/cj219/"
"Steel","Pipe","Rest of world average",25.800,1.900,2.010,"Cradle to gate","Comments above apply. See material profile for further information.",,"http://people.bath.ac.uk/cj219/"
"Steel","Pipe","Virgin",34.700,2.710,2.870,"Cradle to gate",,,"http://people.bath.ac.uk/cj219/"
"Steel","Pipe","World average",24.900,1.830,1.940,"Cradle to gate","Comments above apply. See material profile for further information.",,"http://people.bath.ac.uk/cj219/"
"Steel","Plate","EU average",25.100,1.550,1.660,"Cradle to gate","Effective recycled content because recycling route is not typical.  EU 3-average recycled content of 59%",,"http://people.bath.ac.uk/cj219/"
"Steel","Plate","Rest of world average",33.200,2.150,2.310,"Cradle to gate","Comments above apply. See material profile for further information.",,"http://people.bath.ac.uk/cj219/"
"Steel","Plate","Virgin",45.400,3.050,3.270,"Cradle to gate",,,"http://people.bath.ac.uk/cj219/"
"Steel","Plate","World average",32.000,2.060,2.210,"Cradle to gate","Comments above apply. See material profile for further information.",,"http://people.bath.ac.uk/cj219/"
"Steel","Section","EU average",21.500,1.420,1.530,"Cradle to gate",,,"http://people.bath.ac.uk/cj219/"
"Steel","Section","Recycled",10.000,0.440,0.470,"Cradle to gate",,,"http://people.bath.ac.uk/cj219/"
"Steel","Section","Rest of world average",28.100,1.970,2.120,"Cradle to gate","Comments above apply. See material profile for further information.",,"http://people.bath.ac.uk/cj219/"
"Steel","Section","Virgin",38.000,2.820,3.030,"Cradle to gate",,,"http://people.bath.ac.uk/cj219/"
"Steel","Section","World average",27.100,1.890,2.030,"Cradle to gate","Comments above apply. See material profile for further information.",,"http://people.bath.ac.uk/cj219/"
"Steel","Stainless",,56.700,6.145,,"Cradle to gate","World average data from the Institute of Stainless Steel Forum (ISSF) life cycle inventory data. Selected data is for the most popular grade (304). Stainless steel does not have separate primary and recycled material production routes.",,"http://people.bath.ac.uk/cj219/"
"Steel","Wire","Virgin",36.000,2.830,3.020,"Cradle to gate",,,"http://people.bath.ac.uk/cj219/"
"Stone","General",,1.260,0.073,0.079,"Cradle to gate","ICE database average (statistic), uncertain. See material profile.",,"http://people.bath.ac.uk/cj219/"
"Stone","Granite",,11.000,0.640,0.700,"Cradle to gate","Estimated from Ref 116.",,"http://people.bath.ac.uk/cj219/"
"Stone","Limestone",,1.500,0.087,0.090,"Cradle to gate","Estimated from Ref 188.",,"http://people.bath.ac.uk/cj219/"
"Stone","Marble",,2.000,0.116,0.130,"Cradle to gate",,,"http://people.bath.ac.uk/cj219/"
"Stone","Marble tile",,3.330,0.192,0.210,"Cradle to grave","Ref. 40.",,"http://people.bath.ac.uk/cj219/"
"Stone","Sandstone",,1.000,0.058,0.060,"Cradle to gate","Uncertain estimate based on Ref. 262.",,"http://people.bath.ac.uk/cj219/"
"Stone","Shale",,0.030,0.002,0.002,"Cradle to gate",,,"http://people.bath.ac.uk/cj219/"
"Stone","Slate","Lower",0.100,0.006,0.007,"Cradle to gate","Large data range",,"http://people.bath.ac.uk/cj219/"
"Stone","Slate","Mean",0.550,0.032,0.035,"Cradle to gate","Large data range",,"http://people.bath.ac.uk/cj219/"
"Stone","Slate","Upper",1.000,0.058,0.063,"Cradle to gate","Large data range",,"http://people.bath.ac.uk/cj219/"
"Straw",,,0.240,0.010,,"Not specified","Refs. 63, 201, 202 and 281.",,"http://people.bath.ac.uk/cj219/"
"Terrazzo tiles",,,1.400,0.118,,"Not specified","Ref. 1.",,"http://people.bath.ac.uk/cj219/"
"Timber","General",,10.000,0.300,0.310,"Cradle to gate","Estimated from UK consumption mixture of timber products in 2007 (Timber Trade Federation statistics). Includes 4.3 MJ bio-energy. All values do not include the CV of timber product and exclude carbon storage.",,"http://people.bath.ac.uk/cj219/"
"Timber","Glue laminated timber",,12.000,0.390,0.420,"Cradle to gate","Includes 4.9 MJ bio-energy.",,"http://people.bath.ac.uk/cj219/"
"Timber","Hardboard",,16.000,0.540,0.580,"Cradle to gate","Hardboard is a type of fibreboard with a density above 800 kg/m3. Includes 5.6 MJ bio-energy.",,"http://people.bath.ac.uk/cj219/"
"Timber","Laminated veneer lumber",,9.500,0.310,0.330,"Cradle to gate","Ref 150. Includes 3.5 MJ bio-energy.",,"http://people.bath.ac.uk/cj219/"
"Timber","MDF",,11.000,0.370,0.390,"Cradle to gate","Wide density range (350-800 kg/m3). Includes 3.8 MJ bio-energy.",,"http://people.bath.ac.uk/cj219/"
"Timber","Oriented Strand Board (OSB)",,15.000,0.420,0.450,"Cradle to gate","Estimated from Refs. 103 and 150. Includes 5.9 MJ bio-energy.",,"http://people.bath.ac.uk/cj219/"
"Timber","Particle board",,14.500,0.520,0.540,"Cradle to gate","Very large data range, difficult to select appropriate values. Modified from CORRIM reports. Includes 3.2 MJ bio-energy (uncertain estimate).",,"http://people.bath.ac.uk/cj219/"
"Timber","Plywood",,15.000,0.420,0.450,"Cradle to gate","Includes 7.1 MJ bio-energy.",,"http://people.bath.ac.uk/cj219/"
"Timber","Sawn hardwood",,10.400,0.230,0.240,"Cradle to gate","It was difficult to select values for hardwood, the data was estimated from the CORRIM studies (Ref. 88). Includes 6.3 MJ bio-energy.",,"http://people.bath.ac.uk/cj219/"
"Timber","Sawn softwood",,7.400,0.190,0.200,"Cradle to gate","Includes 4.2 MJ bio-energy.",,"http://people.bath.ac.uk/cj219/"
"Timber","Veneer particleboard (furniture)",,23.000,,,"Cradle to gate","Unknown split of fossil based and biogenic fuels.",,"http://people.bath.ac.uk/cj219/"
"Tin","General",,250.000,13.500,14.470,"Cradle to gate","lack of modern data, large data range",,"http://people.bath.ac.uk/cj219/"
"Tin","Tin coated plate (steel)","Lower",19.200,1.040,,"Cradle to gate",,,"http://people.bath.ac.uk/cj219/"
"Tin","Tin coated plate (steel)","Mean",36.950,1.995,,"Cradle to gate",,,"http://people.bath.ac.uk/cj219/"
"Tin","Tin coated plate (steel)","Upper",54.700,2.950,,"Cradle to gate",,,"http://people.bath.ac.uk/cj219/"
"Titanium","Recycled",,258.000,13.700,14.700,"Cradle to gate","lack of modern data, large data range, small sample size",,"http://people.bath.ac.uk/cj219/"
"Titanium","Virgin","Lower",361.000,19.200,20.600,"Cradle to gate","lack of modern data, large data range, small sample size",,"http://people.bath.ac.uk/cj219/"
"Titanium","Virgin","Mean",553.000,29.400,31.550,"Cradle to gate","lack of modern data, large data range, small sample size",,"http://people.bath.ac.uk/cj219/"
"Titanium","Virgin","Upper",745.000,39.600,42.500,"Cradle to gate","lack of modern data, large data range, small sample size",,"http://people.bath.ac.uk/cj219/"
"Vanadium",,,3710.000,228.000,,"Not specified","Ref. 22.",,"http://people.bath.ac.uk/cj219/"
"Vermiculite","Expanded",,7.200,0.520,,"Not specified","Ref. 114.",,"http://people.bath.ac.uk/cj219/"
"Vermiculite","Natural",,0.720,0.032,,"Not specified","Ref. 114.",,"http://people.bath.ac.uk/cj219/"
"Vicuclad",,,70.000,,,"Not specified","Ref. 1.",,"http://people.bath.ac.uk/cj219/"
"Vinyl flooring","General",,68.600,2.610,3.190,"Cradle to gate","23.58 MJ/kg Feedstock Energy  (Included), Same value as PVC calendered sheet. Note: the book version of ICE contains the wrong values. These values are up to date",,"http://people.bath.ac.uk/cj219/"
"Vinyl flooring","Vinyl composite tiles (VCT)",,13.700,,,"Cradle to grave","Ref. 94.",,"http://people.bath.ac.uk/cj219/"
"Water",,,0.010,0.001,,"Not specified",,,"http://people.bath.ac.uk/cj219/"
"Wax",,,52.000,,,"Not specified","Ref. 169.",,"http://people.bath.ac.uk/cj219/"
"Wood stain/varnish",,,50.000,5.350,,"Not specified","Ref. 1.",,"http://people.bath.ac.uk/cj219/"
"Yttrium",,,1470.000,84.000,,"Not specified","Ref. 22.",,"http://people.bath.ac.uk/cj219/"
"Zinc","General","Average",53.100,2.880,3.090,"Cradle to gate","Uncertain carbon estimates, currently estimated from typical UK industrial fuel mix. Recycled content of general Zinc 30%.",,"http://people.bath.ac.uk/cj219/"
"Zinc","General","Recycled",9.000,0.490,0.520,"Cradle to gate","Uncertain carbon estimates, currently estimated from typical UK industrial fuel mix. Recycled content of general Zinc 30%.",,"http://people.bath.ac.uk/cj219/"
"Zinc","General","Virgin",72.000,3.900,4.180,"Cradle to gate","Uncertain carbon estimates, currently estimated from typical UK industrial fuel mix. Recycled content of general Zinc 30%.",,"http://people.bath.ac.uk/cj219/"
"Zirconium",,,1610.000,97.200,,"Not specified","Ref. 22.",,"http://people.bath.ac.uk/cj219/"
